Timestamp,FPS,Inference Time (s),Latency (s),RAM Usage (%),CPU Usage (%),GPU Usage (%)
2025-07-03T09:51:36.410832,5.45,0.1252,0.1834,85.1,8.7,32.0
2025-07-03T09:51:36.676169,4.56,0.0937,0.1007,85.3,12.1,31.0
2025-07-03T09:51:36.962063,4.15,0.1136,0.1208,85.4,12.0,31.0
2025-07-03T09:51:37.222610,4.02,0.0932,0.1032,85.5,10.9,31.0
2025-07-03T09:51:37.487167,4.0,0.0912,0.1018,85.5,13.3,34.0
2025-07-03T09:51:37.751660,3.95,0.0967,0.1046,85.6,18.9,34.0
2025-07-03T09:51:38.012951,3.92,0.0984,0.1086,85.6,16.9,34.0
2025-07-03T09:51:38.277479,3.91,0.0934,0.1031,85.6,12.5,34.0
2025-07-03T09:51:38.540240,3.91,0.0917,0.1001,85.6,10.2,33.0
2025-07-03T09:51:38.805568,3.9,0.092,0.1006,85.6,12.8,33.0
2025-07-03T09:51:39.082733,3.88,0.0943,0.1017,85.6,12.8,33.0
2025-07-03T09:51:39.337614,3.86,0.0906,0.0993,85.7,10.6,33.0
2025-07-03T09:51:39.602074,3.87,0.0877,0.0943,85.6,9.9,40.0
2025-07-03T09:51:39.866243,3.86,0.0916,0.0999,85.7,13.2,40.0
2025-07-03T09:51:40.118544,3.86,0.0907,0.0984,85.7,15.3,40.0
2025-07-03T09:51:40.395774,3.86,0.0898,0.0974,85.7,8.1,40.0
2025-07-03T09:51:40.644360,3.85,0.0893,0.0969,85.6,8.5,35.0
2025-07-03T09:51:40.909390,3.85,0.0964,0.1037,85.7,6.3,35.0
2025-07-03T09:51:41.158648,3.85,0.0892,0.0973,85.7,9.3,35.0
2025-07-03T09:51:41.423744,3.86,0.0936,0.1023,85.7,11.2,35.0
2025-07-03T09:51:41.686588,3.85,0.0916,0.1016,85.7,11.5,34.0
2025-07-03T09:51:41.952712,3.85,0.095,0.103,85.7,13.9,34.0
2025-07-03T09:51:42.221559,3.85,0.093,0.0995,85.7,9.1,34.0
2025-07-03T09:51:42.478334,3.84,0.0924,0.1024,85.7,10.8,35.0
2025-07-03T09:51:42.727641,3.84,0.0899,0.0985,85.7,10.5,35.0
2025-07-03T09:51:43.020075,3.85,0.0978,0.1062,85.7,9.3,35.0
2025-07-03T09:51:43.269872,3.83,0.0875,0.0981,85.7,12.8,35.0
2025-07-03T09:51:43.526516,3.84,0.088,0.0965,85.7,14.6,32.0
2025-07-03T09:51:43.783884,3.84,0.0915,0.099,85.8,18.5,32.0
2025-07-03T09:51:44.049330,3.84,0.0922,0.0997,85.7,15.5,32.0
2025-07-03T09:51:44.298903,3.84,0.0899,0.0984,85.8,21.2,32.0
2025-07-03T09:51:44.562960,3.84,0.0972,0.1037,85.8,11.7,33.0
2025-07-03T09:51:44.838066,3.84,0.0919,0.0992,85.8,17.2,33.0
2025-07-03T09:51:45.092711,3.84,0.0892,0.0968,85.7,15.1,33.0
2025-07-03T09:51:45.344496,3.84,0.0885,0.0966,85.7,14.5,33.0
2025-07-03T09:51:45.609653,3.84,0.1018,0.1093,85.8,11.4,34.0
2025-07-03T09:51:45.872607,3.84,0.0902,0.0982,85.8,12.5,34.0
2025-07-03T09:51:46.138214,3.84,0.0943,0.1024,85.8,6.8,34.0
2025-07-03T09:51:46.387951,3.84,0.0852,0.0937,85.8,7.0,34.0
2025-07-03T09:51:46.638087,3.84,0.0905,0.1,85.8,12.9,33.0
2025-07-03T09:51:46.909056,3.84,0.0941,0.1038,85.8,9.0,33.0
2025-07-03T09:51:47.183857,3.84,0.1007,0.1092,85.7,9.5,33.0
2025-07-03T09:51:47.434328,3.84,0.0893,0.0991,85.8,7.4,33.0
2025-07-03T09:51:47.696361,3.84,0.0904,0.0987,85.7,6.4,36.0
2025-07-03T09:51:47.945539,3.84,0.0849,0.0934,85.8,10.5,36.0
2025-07-03T09:51:48.210360,3.84,0.096,0.1036,85.7,10.3,36.0
2025-07-03T09:51:48.461764,3.84,0.0925,0.1012,85.7,13.3,36.0
2025-07-03T09:51:48.725344,3.84,0.0962,0.1047,85.8,8.8,35.0
2025-07-03T09:51:48.987587,3.84,0.0937,0.1043,85.8,11.4,35.0
2025-07-03T09:51:49.252937,3.84,0.0981,0.1067,85.8,18.9,35.0
2025-07-03T09:51:49.503819,3.84,0.0901,0.0981,85.8,10.8,9.0
2025-07-03T09:51:49.751863,3.84,0.0878,0.0954,85.8,11.4,9.0
2025-07-03T09:51:50.001731,3.85,0.0897,0.0988,85.8,12.0,9.0
2025-07-03T09:51:50.266248,3.85,0.0927,0.1008,85.8,12.2,9.0
2025-07-03T09:51:50.516390,3.85,0.0898,0.0998,85.8,12.4,6.0
2025-07-03T09:51:50.768005,3.85,0.0933,0.1008,85.8,19.5,6.0
2025-07-03T09:51:51.019555,3.85,0.0914,0.0999,85.9,15.6,6.0
2025-07-03T09:51:51.280776,3.85,0.0954,0.1041,85.8,15.6,6.0
2025-07-03T09:51:51.530366,3.85,0.0884,0.0961,85.8,10.7,32.0
2025-07-03T09:51:51.782548,3.86,0.0946,0.1027,85.8,15.7,32.0
2025-07-03T09:51:52.048357,3.86,0.0917,0.1027,85.8,12.7,32.0
2025-07-03T09:51:52.315074,3.86,0.0952,0.1022,85.8,13.1,32.0
2025-07-03T09:51:52.578504,3.86,0.0893,0.1004,85.8,15.6,33.0
2025-07-03T09:51:52.838426,3.86,0.0897,0.0962,85.7,11.1,33.0
2025-07-03T09:51:53.086513,3.86,0.09,0.0965,85.7,14.3,33.0
2025-07-03T09:51:53.353720,3.85,0.0926,0.1031,85.7,12.2,33.0
2025-07-03T09:51:53.632955,3.85,0.1131,0.1211,85.7,8.0,38.0
2025-07-03T09:51:53.899588,3.85,0.0915,0.1021,85.7,9.2,38.0
2025-07-03T09:51:54.166176,3.85,0.094,0.1017,85.7,9.3,38.0
2025-07-03T09:51:54.415169,3.85,0.0902,0.0987,85.6,6.9,38.0
2025-07-03T09:51:54.665103,3.85,0.0871,0.0949,85.6,9.8,37.0
2025-07-03T09:51:54.915226,3.85,0.0911,0.0986,85.6,8.9,37.0
2025-07-03T09:51:55.176208,3.85,0.088,0.0979,85.7,8.7,37.0
2025-07-03T09:51:55.447623,3.85,0.0927,0.1017,85.7,11.0,37.0
2025-07-03T09:51:55.703699,3.85,0.0904,0.0982,85.7,14.7,37.0
2025-07-03T09:51:55.968085,3.85,0.0944,0.1025,85.7,9.2,37.0
2025-07-03T09:51:56.217524,3.85,0.0901,0.0988,85.7,9.8,37.0
2025-07-03T09:51:56.466417,3.85,0.0887,0.0968,85.7,10.0,37.0
2025-07-03T09:51:56.732535,3.85,0.0923,0.1002,85.7,7.0,35.0
2025-07-03T09:51:56.977797,3.85,0.0867,0.0959,85.6,11.7,35.0
2025-07-03T09:51:57.246199,3.86,0.0937,0.1024,85.7,9.5,35.0
2025-07-03T09:51:57.508860,3.85,0.092,0.0995,85.8,7.9,7.0
2025-07-03T09:51:57.771951,3.85,0.089,0.0975,85.6,8.0,7.0
2025-07-03T09:51:58.024383,3.85,0.0923,0.1004,85.6,10.1,7.0
2025-07-03T09:51:58.290358,3.85,0.0942,0.1023,85.6,9.1,7.0
2025-07-03T09:51:58.554661,3.85,0.092,0.101,85.6,11.3,8.0
2025-07-03T09:51:58.820113,3.85,0.093,0.1012,85.6,21.1,8.0
2025-07-03T09:51:59.101673,3.85,0.1012,0.1108,85.6,12.8,8.0
2025-07-03T09:51:59.349136,3.85,0.0907,0.0988,85.6,18.2,8.0
2025-07-03T09:51:59.611929,3.85,0.0927,0.101,85.6,15.3,8.0
2025-07-03T09:51:59.889096,3.85,0.0956,0.1037,85.6,15.9,8.0
2025-07-03T09:52:00.154662,3.85,0.0953,0.1039,85.5,13.5,8.0
2025-07-03T09:52:00.419241,3.85,0.0944,0.1029,85.6,7.4,8.0
2025-07-03T09:52:00.696431,3.85,0.0948,0.1023,85.6,10.2,33.0
2025-07-03T09:52:00.960099,3.84,0.0952,0.1024,85.5,6.8,33.0
2025-07-03T09:52:01.224370,3.84,0.0926,0.0998,85.5,8.9,33.0
2025-07-03T09:52:01.474660,3.84,0.0939,0.0999,85.5,8.0,33.0
2025-07-03T09:52:01.737611,3.84,0.0946,0.1041,85.5,8.6,34.0
2025-07-03T09:52:02.007976,3.84,0.0923,0.1027,85.5,6.1,34.0
2025-07-03T09:52:02.269282,3.84,0.0959,0.1029,85.6,6.8,34.0
2025-07-03T09:52:02.533781,3.84,0.0952,0.1037,85.5,12.2,36.0
2025-07-03T09:52:02.798613,3.84,0.0961,0.1052,85.5,14.5,36.0
2025-07-03T09:52:03.063531,3.84,0.0901,0.1017,85.5,15.6,36.0
2025-07-03T09:52:03.327910,3.84,0.0943,0.1018,85.5,17.8,36.0
2025-07-03T09:52:03.589387,3.84,0.0916,0.0981,85.5,22.3,40.0
2025-07-03T09:52:03.856301,3.84,0.0949,0.1019,85.6,15.7,40.0
2025-07-03T09:52:04.130191,3.84,0.0923,0.1024,85.5,17.7,40.0
2025-07-03T09:52:04.385863,3.84,0.0929,0.1009,85.6,12.4,40.0
2025-07-03T09:52:04.668070,3.83,0.1126,0.1214,85.6,13.4,34.0
2025-07-03T09:52:04.936045,3.83,0.0913,0.0993,85.6,11.5,34.0
2025-07-03T09:52:05.198752,3.83,0.0922,0.1002,85.6,8.4,34.0
2025-07-03T09:52:05.464343,3.83,0.0921,0.1011,85.6,9.3,34.0
2025-07-03T09:52:05.710538,3.83,0.0909,0.098,85.6,7.6,32.0
2025-07-03T09:52:05.978665,3.83,0.0952,0.106,85.5,7.5,32.0
2025-07-03T09:52:06.251628,3.83,0.0952,0.102,85.6,7.6,32.0
2025-07-03T09:52:06.510267,3.83,0.0896,0.0971,85.5,6.3,32.0
2025-07-03T09:52:06.775362,3.83,0.0955,0.1046,85.5,8.8,34.0
2025-07-03T09:52:07.024589,3.83,0.0906,0.0972,85.5,11.7,34.0
2025-07-03T09:52:07.287510,3.83,0.0973,0.1048,85.5,8.5,34.0
2025-07-03T09:52:07.566172,3.83,0.094,0.1026,85.5,7.4,35.0
2025-07-03T09:52:07.817336,3.83,0.0905,0.0981,85.5,14.7,35.0
2025-07-03T09:52:08.069582,3.83,0.089,0.098,85.5,14.8,35.0
2025-07-03T09:52:08.348821,3.83,0.0908,0.0998,85.6,8.9,35.0
2025-07-03T09:52:08.614922,3.83,0.0949,0.1045,85.5,10.7,76.0
2025-07-03T09:52:08.861885,3.83,0.0882,0.0967,85.5,17.4,76.0
2025-07-03T09:52:09.122914,3.83,0.0901,0.0991,85.5,18.6,76.0
2025-07-03T09:52:09.386078,3.83,0.0927,0.0999,85.5,11.3,76.0
2025-07-03T09:52:09.651850,3.83,0.0965,0.1066,85.5,17.9,8.0
2025-07-03T09:52:09.916840,3.83,0.0924,0.101,85.5,10.1,8.0
2025-07-03T09:52:10.165285,3.83,0.0871,0.0972,85.5,10.8,8.0
2025-07-03T09:52:10.445817,3.83,0.1181,0.1256,85.5,14.6,8.0
2025-07-03T09:52:10.712583,3.83,0.0961,0.1054,85.5,8.3,31.0
2025-07-03T09:52:10.978563,3.83,0.0923,0.1005,85.5,8.1,31.0
2025-07-03T09:52:11.244367,3.83,0.0968,0.1055,85.5,8.3,31.0
2025-07-03T09:52:11.509320,3.83,0.0877,0.0973,85.5,7.7,31.0
2025-07-03T09:52:11.772415,3.83,0.0901,0.0991,85.5,8.5,34.0
2025-07-03T09:52:12.050297,3.83,0.1094,0.1172,85.5,10.3,34.0
2025-07-03T09:52:12.318321,3.82,0.0927,0.1046,85.5,9.1,34.0
2025-07-03T09:52:12.582932,3.82,0.0899,0.0989,85.5,12.9,34.0
2025-07-03T09:52:12.863592,3.82,0.1081,0.1173,85.5,8.8,34.0
2025-07-03T09:52:13.128659,3.82,0.0949,0.1035,85.4,12.0,34.0
2025-07-03T09:52:13.392656,3.82,0.0921,0.1018,85.4,14.0,34.0
2025-07-03T09:52:13.658679,3.82,0.1023,0.1102,85.4,19.5,40.0
2025-07-03T09:52:13.918775,3.82,0.0933,0.1,85.4,12.2,40.0
2025-07-03T09:52:14.172016,3.82,0.0888,0.0972,85.4,15.3,40.0
2025-07-03T09:52:14.435997,3.82,0.0921,0.1015,85.4,10.1,40.0
2025-07-03T09:52:14.686865,3.82,0.092,0.0991,85.4,9.7,35.0
2025-07-03T09:52:14.949262,3.82,0.0921,0.1001,85.4,7.6,35.0
2025-07-03T09:52:15.211657,3.82,0.0915,0.0996,85.4,8.5,35.0
2025-07-03T09:52:15.468354,3.82,0.0889,0.0979,85.4,10.8,35.0
2025-07-03T09:52:15.736893,3.82,0.0918,0.1013,85.4,11.5,33.0
2025-07-03T09:52:15.993598,3.82,0.0902,0.0979,85.4,6.9,33.0
2025-07-03T09:52:16.243560,3.82,0.0911,0.0995,85.4,7.8,33.0
2025-07-03T09:52:16.524680,3.82,0.0895,0.0985,85.4,5.4,33.0
2025-07-03T09:52:16.789283,3.82,0.0952,0.1035,85.4,9.4,36.0
2025-07-03T09:52:17.054434,3.82,0.0981,0.1049,85.5,12.1,36.0
2025-07-03T09:52:17.301873,3.82,0.0893,0.0969,85.4,11.5,36.0
2025-07-03T09:52:17.564514,3.82,0.0969,0.1065,85.4,10.1,33.0
2025-07-03T09:52:17.830513,3.82,0.0961,0.1039,85.4,27.5,33.0
2025-07-03T09:52:18.088419,3.82,0.088,0.0966,85.4,17.7,33.0
2025-07-03T09:52:18.348007,3.82,0.0913,0.0992,85.5,11.3,33.0
2025-07-03T09:52:18.595365,3.82,0.0894,0.0972,85.4,19.3,32.0
2025-07-03T09:52:18.867812,3.82,0.0915,0.0997,85.4,19.8,32.0
2025-07-03T09:52:19.122833,3.82,0.0897,0.0972,85.4,19.8,32.0
2025-07-03T09:52:19.389524,3.82,0.09,0.0991,85.4,15.4,32.0
2025-07-03T09:52:19.648001,3.82,0.0951,0.1039,85.5,11.8,32.0
2025-07-03T09:52:19.897484,3.82,0.0877,0.0957,85.4,11.5,32.0
2025-07-03T09:52:20.147648,3.83,0.0887,0.0966,85.5,13.8,32.0
2025-07-03T09:52:20.397723,3.83,0.0906,0.1,85.5,9.8,32.0
2025-07-03T09:52:20.647086,3.83,0.0897,0.0974,85.5,13.3,32.0
2025-07-03T09:52:20.893801,3.83,0.0864,0.0944,85.5,8.7,32.0
2025-07-03T09:52:21.143638,3.83,0.0876,0.0972,85.5,13.7,32.0
2025-07-03T09:52:21.408041,3.83,0.0887,0.0976,85.5,13.5,32.0
2025-07-03T09:52:21.673676,3.83,0.0981,0.1051,85.5,13.6,33.0
2025-07-03T09:52:21.922576,3.83,0.0864,0.0942,85.5,13.0,33.0
2025-07-03T09:52:22.172825,3.83,0.0912,0.0986,85.4,12.6,33.0
2025-07-03T09:52:22.444161,3.83,0.0918,0.1001,85.5,18.0,33.0
2025-07-03T09:52:22.703891,3.83,0.0899,0.0972,85.5,14.9,33.0
2025-07-03T09:52:22.965616,3.83,0.0946,0.1016,85.5,14.4,33.0
2025-07-03T09:52:23.230123,3.83,0.0906,0.0986,85.5,8.7,33.0
2025-07-03T09:52:23.480584,3.83,0.0896,0.0966,85.5,8.9,33.0
2025-07-03T09:52:23.746246,3.83,0.0923,0.1009,85.5,12.3,37.0
2025-07-03T09:52:23.993858,3.83,0.0887,0.0962,85.5,6.6,37.0
2025-07-03T09:52:24.258797,3.83,0.0908,0.0994,85.5,7.5,37.0
2025-07-03T09:52:24.527361,3.83,0.1009,0.1095,85.4,7.7,37.0
2025-07-03T09:52:24.787886,3.83,0.0916,0.1001,85.5,8.7,34.0
2025-07-03T09:52:25.052619,3.83,0.1031,0.1112,85.4,8.9,34.0
2025-07-03T09:52:25.300436,3.83,0.0911,0.0996,85.5,8.6,34.0
2025-07-03T09:52:25.563462,3.83,0.0925,0.1015,85.5,10.5,34.0
2025-07-03T09:52:25.838360,3.83,0.0915,0.1005,85.5,13.6,34.0
2025-07-03T09:52:26.096860,3.83,0.0924,0.0999,85.5,11.6,34.0
2025-07-03T09:52:26.363793,3.83,0.0938,0.1013,85.5,21.4,34.0
2025-07-03T09:52:26.627783,3.83,0.0893,0.0973,85.5,32.8,36.0
2025-07-03T09:52:26.891567,3.83,0.0935,0.104,85.5,17.1,36.0
2025-07-03T09:52:27.157766,3.83,0.0944,0.1044,85.5,11.3,36.0
2025-07-03T09:52:27.455549,3.83,0.1196,0.1276,85.5,13.6,36.0
2025-07-03T09:52:27.716787,3.83,0.0925,0.0999,85.5,16.0,35.0
2025-07-03T09:52:27.980739,3.83,0.1023,0.1098,85.5,10.3,35.0
2025-07-03T09:52:28.263854,3.83,0.108,0.1188,85.5,8.4,35.0
2025-07-03T09:52:28.523978,3.82,0.0918,0.0998,85.5,9.5,35.0
2025-07-03T09:52:28.776143,3.82,0.0962,0.1027,85.5,8.9,7.0
2025-07-03T09:52:29.038121,3.83,0.0892,0.0957,85.5,9.9,7.0
2025-07-03T09:52:29.309287,3.83,0.0935,0.1006,85.5,9.8,7.0
2025-07-03T09:52:29.577399,3.82,0.0921,0.1002,85.5,8.5,7.0
2025-07-03T09:52:29.847591,3.82,0.0981,0.1061,85.5,12.1,8.0
2025-07-03T09:52:30.111752,3.82,0.0912,0.1002,85.5,21.2,8.0
2025-07-03T09:52:30.383661,3.82,0.0921,0.1003,85.5,16.5,8.0
2025-07-03T09:52:30.639454,3.82,0.0893,0.0994,85.5,13.9,35.0
2025-07-03T09:52:30.901640,3.82,0.0994,0.1079,85.5,16.5,35.0
2025-07-03T09:52:31.166069,3.82,0.0974,0.1054,85.5,14.5,35.0
2025-07-03T09:52:31.430658,3.82,0.0933,0.1021,85.5,11.6,35.0
2025-07-03T09:52:31.679810,3.82,0.0875,0.0967,85.5,13.0,35.0
2025-07-03T09:52:31.929630,3.82,0.0916,0.0987,85.4,11.3,35.0
2025-07-03T09:52:32.190141,3.82,0.097,0.1075,85.5,19.0,35.0
2025-07-03T09:52:32.459303,3.82,0.0903,0.1001,85.4,14.2,35.0
2025-07-03T09:52:32.733648,3.82,0.1034,0.111,85.4,9.9,34.0
2025-07-03T09:52:33.012771,3.82,0.099,0.107,85.4,7.8,34.0
2025-07-03T09:52:33.264233,3.82,0.0869,0.0962,85.4,6.4,34.0
2025-07-03T09:52:33.517497,3.82,0.0936,0.1016,85.4,10.0,34.0
2025-07-03T09:52:33.795863,3.82,0.1097,0.1169,85.4,7.8,37.0
2025-07-03T09:52:34.061775,3.82,0.0962,0.1044,85.4,9.2,37.0
2025-07-03T09:52:34.326271,3.82,0.0922,0.1002,85.5,9.2,37.0
2025-07-03T09:52:34.588226,3.82,0.0898,0.0978,85.4,11.1,34.0
2025-07-03T09:52:34.856659,3.82,0.094,0.103,85.4,9.4,34.0
2025-07-03T09:52:35.116881,3.82,0.0934,0.1014,85.4,11.5,34.0
2025-07-03T09:52:35.367881,3.82,0.0923,0.1,85.4,11.9,34.0
2025-07-03T09:52:35.641698,3.82,0.0961,0.1046,85.4,7.9,35.0
2025-07-03T09:52:35.897380,3.82,0.0907,0.0992,85.4,12.6,35.0
2025-07-03T09:52:36.160252,3.82,0.0915,0.098,85.4,9.7,35.0
2025-07-03T09:52:36.427529,3.82,0.0852,0.0934,85.4,18.0,35.0
2025-07-03T09:52:36.690366,3.82,0.0958,0.1039,85.4,13.2,75.0
2025-07-03T09:52:36.969606,3.82,0.097,0.1052,85.5,17.1,75.0
2025-07-03T09:52:37.219211,3.82,0.0934,0.1011,85.5,16.8,75.0
2025-07-03T09:52:37.485195,3.82,0.0941,0.1017,85.4,9.4,75.0
2025-07-03T09:52:37.734995,3.82,0.0912,0.0987,85.5,26.5,7.0
2025-07-03T09:52:37.985167,3.82,0.0895,0.0958,85.4,15.3,7.0
2025-07-03T09:52:38.262507,3.82,0.0932,0.1018,85.4,13.2,7.0
2025-07-03T09:52:38.513540,3.82,0.0909,0.098,85.4,8.4,7.0
2025-07-03T09:52:38.779467,3.82,0.0901,0.0999,85.5,11.3,34.0
2025-07-03T09:52:39.040455,3.82,0.0885,0.0986,85.5,12.0,34.0
2025-07-03T09:52:39.304463,3.82,0.0934,0.1034,85.5,9.7,34.0
2025-07-03T09:52:39.578315,3.82,0.0983,0.1063,85.5,8.8,34.0
2025-07-03T09:52:39.835354,3.82,0.0915,0.1015,85.5,8.5,34.0
2025-07-03T09:52:40.100197,3.82,0.0956,0.1031,85.5,8.5,34.0
2025-07-03T09:52:40.366430,3.82,0.0927,0.1038,85.5,11.6,34.0
2025-07-03T09:52:40.615911,3.82,0.0874,0.0945,85.5,12.8,33.0
2025-07-03T09:52:40.898371,3.82,0.1104,0.1186,85.6,11.2,33.0
2025-07-03T09:52:41.161748,3.82,0.092,0.1015,85.5,12.2,33.0
2025-07-03T09:52:41.429113,3.82,0.095,0.1033,85.5,12.5,33.0
2025-07-03T09:52:41.677917,3.82,0.0889,0.0974,85.4,13.4,34.0
2025-07-03T09:52:41.927488,3.82,0.0888,0.0965,85.4,12.6,34.0
2025-07-03T09:52:42.208588,3.82,0.0925,0.101,85.5,13.7,34.0
2025-07-03T09:52:42.459916,3.82,0.0871,0.0948,85.4,11.0,34.0
2025-07-03T09:52:42.711517,3.82,0.0865,0.0945,85.4,10.6,33.0
2025-07-03T09:52:42.977674,3.82,0.0944,0.1021,85.4,15.7,33.0
2025-07-03T09:52:43.241755,3.82,0.0922,0.0987,85.4,11.1,33.0
2025-07-03T09:52:43.503869,3.82,0.0935,0.1016,85.5,9.8,33.0
2025-07-03T09:52:43.769279,3.82,0.0894,0.097,85.5,10.3,39.0
2025-07-03T09:52:44.030471,3.82,0.0902,0.0988,85.5,8.2,39.0
2025-07-03T09:52:44.280539,3.82,0.0904,0.0982,85.5,14.6,39.0
2025-07-03T09:52:44.534450,3.82,0.093,0.1015,85.5,6.5,39.0
2025-07-03T09:52:44.796987,3.82,0.0878,0.0968,85.4,11.4,34.0
2025-07-03T09:52:45.064002,3.82,0.0954,0.104,85.4,17.1,34.0
2025-07-03T09:52:45.351690,3.82,0.0948,0.1031,85.4,9.3,34.0
2025-07-03T09:52:45.607343,3.82,0.0935,0.1001,85.4,8.0,34.0
2025-07-03T09:52:45.869509,3.82,0.0924,0.1025,85.4,12.9,34.0
2025-07-03T09:52:46.134815,3.82,0.0923,0.1026,85.4,10.9,34.0
2025-07-03T09:52:46.384584,3.82,0.0905,0.0977,85.5,9.5,34.0
2025-07-03T09:52:46.655729,3.82,0.0923,0.1,85.5,10.2,35.0
2025-07-03T09:52:46.912521,3.82,0.0916,0.0991,85.4,17.3,35.0
2025-07-03T09:52:47.178356,3.82,0.1056,0.1151,85.4,20.0,35.0
2025-07-03T09:52:47.441686,3.82,0.0949,0.1039,85.5,41.3,35.0
2025-07-03T09:52:47.706231,3.82,0.0918,0.1002,85.4,25.9,31.0
2025-07-03T09:52:47.969577,3.82,0.0948,0.1014,85.4,16.8,31.0
2025-07-03T09:52:48.236482,3.82,0.0873,0.098,85.3,16.0,31.0
2025-07-03T09:52:48.487915,3.82,0.0892,0.0979,85.3,10.3,31.0
2025-07-03T09:52:48.736903,3.82,0.0875,0.0965,85.3,18.5,8.0
2025-07-03T09:52:49.002620,3.82,0.0988,0.1059,85.4,6.8,8.0
2025-07-03T09:52:49.267436,3.82,0.0923,0.1019,85.3,9.9,8.0
2025-07-03T09:52:49.532586,3.82,0.0999,0.1079,85.5,18.2,8.0
2025-07-03T09:52:49.803498,3.82,0.0931,0.1011,85.3,10.7,8.0
2025-07-03T09:52:50.061890,3.82,0.0951,0.1026,85.4,12.5,8.0
2025-07-03T09:52:50.311659,3.82,0.0914,0.1004,85.4,12.6,8.0
2025-07-03T09:52:50.606540,3.82,0.092,0.1,85.4,9.4,8.0
2025-07-03T09:52:50.856873,3.82,0.0903,0.0974,85.3,10.1,32.0
2025-07-03T09:52:51.109463,3.82,0.0904,0.0979,85.4,6.7,32.0
2025-07-03T09:52:51.369445,3.82,0.0903,0.0993,85.4,10.7,32.0
2025-07-03T09:52:51.634514,3.82,0.0944,0.1011,85.4,9.0,33.0
2025-07-03T09:52:51.900055,3.82,0.0936,0.1042,85.4,15.0,33.0
2025-07-03T09:52:52.161966,3.82,0.0974,0.1079,85.4,11.9,33.0
2025-07-03T09:52:52.430636,3.82,0.0932,0.1008,85.4,10.3,33.0
2025-07-03T09:52:52.694507,3.82,0.0923,0.1,85.4,9.8,32.0
2025-07-03T09:52:52.957316,3.82,0.0917,0.1002,85.4,11.0,32.0
2025-07-03T09:52:53.233870,3.82,0.0999,0.1074,85.4,13.5,32.0
2025-07-03T09:52:53.487849,3.82,0.0873,0.0964,85.4,17.2,32.0
2025-07-03T09:52:53.751697,3.82,0.0903,0.0989,85.4,19.9,39.0
2025-07-03T09:52:54.014071,3.82,0.0914,0.1009,85.4,13.6,39.0
2025-07-03T09:52:54.264045,3.82,0.0915,0.0986,85.4,10.0,39.0
2025-07-03T09:52:54.513628,3.82,0.0863,0.0944,85.4,6.8,39.0
2025-07-03T09:52:54.764339,3.82,0.0899,0.099,85.4,11.8,34.0
2025-07-03T09:52:55.012961,3.82,0.0914,0.0995,85.4,8.7,34.0
2025-07-03T09:52:55.265643,3.82,0.0942,0.1022,85.3,16.0,34.0
2025-07-03T09:52:55.530239,3.82,0.0931,0.1016,85.4,11.8,34.0
2025-07-03T09:52:55.782303,3.82,0.0896,0.0966,85.4,8.4,33.0
2025-07-03T09:52:56.065904,3.82,0.1065,0.114,85.5,11.5,33.0
2025-07-03T09:52:56.325718,3.82,0.0888,0.0953,85.3,9.0,33.0
2025-07-03T09:52:56.576585,3.82,0.0875,0.096,85.4,10.1,33.0
2025-07-03T09:52:56.823702,3.82,0.0882,0.0958,85.4,11.0,35.0
2025-07-03T09:52:57.073769,3.82,0.088,0.099,85.4,7.4,35.0
2025-07-03T09:52:57.355157,3.82,0.0918,0.1001,85.3,7.7,35.0
2025-07-03T09:52:57.618021,3.82,0.0904,0.0999,85.3,8.6,35.0
2025-07-03T09:52:57.880683,3.82,0.0965,0.1042,85.4,9.6,34.0
2025-07-03T09:52:58.147409,3.82,0.0922,0.1018,85.5,5.8,34.0
2025-07-03T09:52:58.429462,3.82,0.1132,0.1204,85.3,11.9,34.0
2025-07-03T09:52:58.694585,3.82,0.0942,0.1033,85.4,11.8,28.0
2025-07-03T09:52:58.959459,3.82,0.0968,0.1059,85.4,13.2,28.0
2025-07-03T09:52:59.209176,3.82,0.0898,0.0993,85.4,13.5,28.0
2025-07-03T09:52:59.474415,3.82,0.0897,0.0987,85.4,11.9,28.0
2025-07-03T09:52:59.739549,3.82,0.0918,0.1029,85.4,13.5,33.0
2025-07-03T09:53:00.005574,3.82,0.091,0.1,85.3,11.9,33.0
2025-07-03T09:53:00.271772,3.82,0.0982,0.1065,85.3,17.5,33.0
2025-07-03T09:53:00.534734,3.82,0.0914,0.1,85.4,11.5,33.0
2025-07-03T09:53:00.806893,3.82,0.0987,0.1072,85.4,11.6,33.0
2025-07-03T09:53:01.063050,3.82,0.09,0.0995,85.3,11.3,33.0
2025-07-03T09:53:01.328219,3.82,0.0914,0.1007,85.3,9.4,33.0
2025-07-03T09:53:01.592829,3.82,0.0934,0.1009,85.3,9.3,33.0
2025-07-03T09:53:01.845776,3.82,0.084,0.0931,85.4,12.0,32.0
2025-07-03T09:53:02.096370,3.82,0.0877,0.0963,85.4,11.1,32.0
2025-07-03T09:53:02.360866,3.82,0.0939,0.1015,85.3,10.7,32.0
2025-07-03T09:53:02.626828,3.82,0.0972,0.1042,85.3,10.8,32.0
2025-07-03T09:53:02.889086,3.82,0.0926,0.1013,85.3,7.5,33.0
2025-07-03T09:53:03.138742,3.82,0.091,0.0985,85.2,12.8,33.0
2025-07-03T09:53:03.405256,3.82,0.0934,0.0999,85.2,8.1,33.0
2025-07-03T09:53:03.670470,3.82,0.0952,0.1039,85.3,15.6,33.0
2025-07-03T09:53:03.940053,3.82,0.0921,0.1001,85.3,13.7,43.0
2025-07-03T09:53:04.199892,3.82,0.0937,0.1028,85.3,14.6,43.0
2025-07-03T09:53:04.465944,3.82,0.0962,0.1066,85.3,12.9,43.0
2025-07-03T09:53:04.730809,3.82,0.0925,0.1008,85.4,15.8,33.0
2025-07-03T09:53:04.980022,3.82,0.088,0.0965,85.3,10.0,33.0
2025-07-03T09:53:05.255886,3.82,0.0966,0.104,85.3,22.1,33.0
2025-07-03T09:53:05.498331,3.82,0.085,0.0931,85.4,13.3,33.0
2025-07-03T09:53:05.779318,3.82,0.1089,0.1174,85.4,14.5,33.0
2025-07-03T09:53:06.031899,3.82,0.089,0.0965,85.4,11.6,33.0
2025-07-03T09:53:06.281735,3.82,0.0876,0.0959,85.4,17.4,33.0
2025-07-03T09:53:06.546010,3.82,0.0958,0.1024,85.4,14.0,33.0
2025-07-03T09:53:06.808130,3.82,0.0994,0.1076,85.5,12.9,36.0
2025-07-03T09:53:07.057722,3.82,0.0875,0.0955,85.5,8.3,36.0
2025-07-03T09:53:07.319524,3.82,0.088,0.0976,85.4,9.7,36.0
2025-07-03T09:53:07.582910,3.82,0.0931,0.1016,85.4,19.5,36.0
2025-07-03T09:53:07.849497,3.82,0.097,0.1065,85.6,11.3,34.0
2025-07-03T09:53:08.099600,3.82,0.0879,0.095,85.5,9.5,34.0
2025-07-03T09:53:08.354274,3.82,0.0907,0.0983,85.6,9.7,34.0
2025-07-03T09:53:08.614368,3.82,0.0895,0.0986,85.5,12.8,34.0
2025-07-03T09:53:08.877859,3.82,0.0974,0.1045,85.6,19.5,35.0
2025-07-03T09:53:09.142711,3.82,0.0893,0.0978,85.4,15.7,35.0
2025-07-03T09:53:09.407402,3.82,0.0925,0.1009,85.4,14.5,35.0
2025-07-03T09:53:09.673816,3.82,0.091,0.1005,85.4,8.8,35.0
2025-07-03T09:53:09.923582,3.82,0.0892,0.0983,85.4,8.3,34.0
2025-07-03T09:53:10.172644,3.82,0.0845,0.092,85.4,11.9,34.0
2025-07-03T09:53:10.430187,3.82,0.0913,0.0994,85.4,10.1,34.0
2025-07-03T09:53:10.688232,3.82,0.0933,0.1013,85.3,10.2,37.0
2025-07-03T09:53:10.949437,3.82,0.0899,0.0993,85.4,14.6,37.0
2025-07-03T09:53:11.216341,3.82,0.0997,0.1073,85.5,13.6,37.0
2025-07-03T09:53:11.473602,3.82,0.0914,0.0985,85.3,11.9,37.0
2025-07-03T09:53:11.753559,3.82,0.0981,0.1055,85.4,11.2,34.0
2025-07-03T09:53:12.005508,3.82,0.0887,0.0963,85.4,11.2,34.0
2025-07-03T09:53:12.287357,3.82,0.1075,0.1166,85.4,12.9,34.0
2025-07-03T09:53:12.552162,3.82,0.0892,0.0962,85.4,16.1,34.0
2025-07-03T09:53:12.815783,3.82,0.0986,0.1063,85.4,8.0,75.0
2025-07-03T09:53:13.079891,3.82,0.0976,0.1065,85.4,15.2,75.0
2025-07-03T09:53:13.342766,3.82,0.0972,0.1044,85.5,10.5,75.0
2025-07-03T09:53:13.606548,3.82,0.0907,0.0989,85.4,9.8,75.0
2025-07-03T09:53:13.871757,3.82,0.0925,0.1032,85.4,9.6,9.0
2025-07-03T09:53:14.138212,3.82,0.0908,0.0997,85.4,7.8,9.0
2025-07-03T09:53:14.397754,3.82,0.0884,0.0974,85.4,7.4,9.0
2025-07-03T09:53:14.677097,3.82,0.109,0.1171,85.4,12.1,9.0
2025-07-03T09:53:14.947416,3.82,0.0953,0.1056,85.4,10.6,33.0
2025-07-03T09:53:15.216797,3.82,0.0968,0.1035,85.4,16.7,33.0
2025-07-03T09:53:15.473046,3.82,0.0905,0.098,85.5,12.9,33.0
2025-07-03T09:53:15.770416,3.82,0.1256,0.1331,85.4,15.2,33.0
2025-07-03T09:53:16.036369,3.82,0.0944,0.1041,85.4,9.8,33.0
2025-07-03T09:53:16.299139,3.82,0.0941,0.1016,85.4,14.0,33.0
2025-07-03T09:53:16.551728,3.82,0.089,0.0975,85.3,9.7,33.0
2025-07-03T09:53:16.818137,3.82,0.0946,0.1037,85.4,9.3,35.0
2025-07-03T09:53:17.076732,3.82,0.0923,0.0993,85.4,8.3,35.0
2025-07-03T09:53:17.330796,3.82,0.0927,0.1002,85.4,8.1,35.0
2025-07-03T09:53:17.596046,3.82,0.0942,0.1017,85.3,19.0,35.0
2025-07-03T09:53:17.859701,3.82,0.0925,0.1011,85.3,19.5,35.0
2025-07-03T09:53:18.124347,3.82,0.0936,0.1011,85.3,7.8,35.0
2025-07-03T09:53:18.389164,3.82,0.0991,0.1074,85.4,11.9,35.0
2025-07-03T09:53:18.639983,3.82,0.0899,0.0987,85.4,8.0,35.0
2025-07-03T09:53:18.904388,3.82,0.1044,0.1129,85.4,8.0,33.0
2025-07-03T09:53:19.153904,3.82,0.0895,0.0985,85.4,8.0,33.0
2025-07-03T09:53:19.418156,3.82,0.0913,0.0999,85.4,11.2,33.0
2025-07-03T09:53:19.681794,3.82,0.0925,0.1007,85.4,7.1,33.0
2025-07-03T09:53:19.946233,3.82,0.0877,0.0954,85.4,8.9,7.0
2025-07-03T09:53:20.207934,3.82,0.0933,0.1008,85.4,11.9,7.0
2025-07-03T09:53:20.462579,3.82,0.0908,0.0983,85.4,9.8,7.0
2025-07-03T09:53:20.713922,3.82,0.0935,0.101,85.4,11.0,7.0
2025-07-03T09:53:20.980361,3.82,0.1035,0.1123,85.4,8.8,7.0
2025-07-03T09:53:21.243503,3.82,0.1021,0.1111,85.4,17.2,7.0
2025-07-03T09:53:21.518960,3.82,0.092,0.0994,85.4,11.3,7.0
2025-07-03T09:53:21.770154,3.82,0.0899,0.0974,85.4,12.8,35.0
2025-07-03T09:53:22.035282,3.82,0.0925,0.1018,85.5,15.3,35.0
2025-07-03T09:53:22.284157,3.82,0.091,0.1003,85.4,13.4,35.0
2025-07-03T09:53:22.533305,3.82,0.0904,0.097,85.4,16.2,35.0
2025-07-03T09:53:22.795619,3.82,0.0904,0.0978,85.4,12.1,35.0
2025-07-03T09:53:23.059466,3.82,0.0943,0.102,85.4,11.2,35.0
2025-07-03T09:53:23.340194,3.82,0.0962,0.1046,85.4,11.6,35.0
2025-07-03T09:53:23.621716,3.82,0.0955,0.1019,85.4,12.5,35.0
2025-07-03T09:53:23.890167,3.82,0.093,0.1023,85.4,7.3,88.0
2025-07-03T09:53:24.153744,3.82,0.0925,0.1045,85.5,8.9,88.0
2025-07-03T09:53:24.405305,3.82,0.0893,0.0996,85.4,7.7,88.0
2025-07-03T09:53:24.667526,3.82,0.088,0.0965,85.4,7.8,88.0
2025-07-03T09:53:24.923516,3.82,0.0955,0.1036,85.4,8.4,7.0
2025-07-03T09:53:25.187086,3.82,0.0922,0.1009,85.4,9.2,7.0
2025-07-03T09:53:25.438222,3.82,0.0885,0.0968,85.4,5.3,7.0
2025-07-03T09:53:25.704128,3.82,0.0922,0.1013,85.4,7.4,7.0
2025-07-03T09:53:25.970454,3.82,0.0947,0.1027,85.4,9.8,12.0
2025-07-03T09:53:26.239408,3.82,0.092,0.1004,85.4,14.2,12.0
2025-07-03T09:53:26.529772,3.82,0.1049,0.1145,85.5,20.0,12.0
2025-07-03T09:53:26.793598,3.82,0.0933,0.1007,85.5,13.8,34.0
2025-07-03T09:53:27.056496,3.82,0.0891,0.0996,85.5,16.0,34.0
2025-07-03T09:53:27.320216,3.82,0.0927,0.1014,85.5,13.4,34.0
2025-07-03T09:53:27.584390,3.82,0.0877,0.0964,85.4,11.9,34.0
2025-07-03T09:53:27.848487,3.82,0.0969,0.1039,85.5,8.7,34.0
2025-07-03T09:53:28.112584,3.82,0.0903,0.0989,85.4,10.2,34.0
2025-07-03T09:53:28.361726,3.82,0.0866,0.0947,85.3,14.6,34.0
2025-07-03T09:53:28.625028,3.82,0.1002,0.1088,85.4,13.0,34.0
2025-07-03T09:53:28.897602,3.82,0.0976,0.106,85.4,12.2,12.0
2025-07-03T09:53:29.155053,3.82,0.0876,0.0944,85.4,10.6,12.0
2025-07-03T09:53:29.404498,3.82,0.0899,0.0989,85.4,6.6,12.0
2025-07-03T09:53:29.652707,3.82,0.0897,0.0972,85.4,8.1,12.0
2025-07-03T09:53:29.909814,3.82,0.0896,0.0983,85.4,8.1,7.0
2025-07-03T09:53:30.179236,3.82,0.1027,0.1122,85.4,6.9,7.0
2025-07-03T09:53:30.443818,3.82,0.0923,0.1012,85.4,9.9,7.0
2025-07-03T09:53:30.716239,3.82,0.1014,0.1093,85.5,9.2,7.0
2025-07-03T09:53:30.970771,3.82,0.0887,0.0967,85.4,9.1,33.0
2025-07-03T09:53:31.236298,3.82,0.0897,0.0985,85.4,11.3,33.0
2025-07-03T09:53:31.486388,3.82,0.0896,0.0966,85.4,13.5,33.0
2025-07-03T09:53:31.751659,3.82,0.0979,0.1059,85.4,17.0,33.0
2025-07-03T09:53:32.032346,3.82,0.0928,0.1013,85.4,14.7,33.0
2025-07-03T09:53:32.295972,3.82,0.0927,0.1013,85.4,15.7,33.0
2025-07-03T09:53:32.545034,3.82,0.0922,0.1008,85.4,12.7,33.0
2025-07-03T09:53:32.807629,3.82,0.095,0.1036,85.5,16.7,34.0
2025-07-03T09:53:33.056963,3.82,0.0869,0.0951,85.4,13.6,34.0
2025-07-03T09:53:33.350911,3.82,0.1344,0.1426,85.4,13.6,34.0
2025-07-03T09:53:33.617761,3.82,0.0999,0.1093,85.3,9.4,34.0
2025-07-03T09:53:33.879740,3.82,0.0915,0.1006,85.3,11.1,41.0
2025-07-03T09:53:34.153940,3.82,0.0986,0.1061,85.3,10.8,41.0
2025-07-03T09:53:34.409623,3.82,0.0971,0.1057,85.3,7.9,41.0
2025-07-03T09:53:34.660451,3.82,0.0918,0.0989,85.2,15.6,41.0
2025-07-03T09:53:34.920490,3.82,0.0903,0.0988,85.3,10.7,33.0
2025-07-03T09:53:35.185864,3.82,0.0947,0.1044,85.3,11.1,33.0
2025-07-03T09:53:35.450311,3.82,0.0941,0.1004,85.3,8.2,33.0
2025-07-03T09:53:35.712971,3.82,0.091,0.0997,85.3,10.1,33.0
2025-07-03T09:53:35.979837,3.82,0.0907,0.101,85.3,8.5,36.0
2025-07-03T09:53:36.245641,3.82,0.0949,0.1027,85.3,7.6,36.0
2025-07-03T09:53:36.511697,3.82,0.0988,0.1076,85.3,12.7,36.0
2025-07-03T09:53:36.775338,3.82,0.0989,0.1072,85.3,18.6,77.0
2025-07-03T09:53:37.038944,3.82,0.0914,0.1,85.3,16.4,77.0
2025-07-03T09:53:37.300326,3.82,0.09,0.0974,85.3,15.0,77.0
2025-07-03T09:53:37.578383,3.82,0.1046,0.1162,85.3,17.7,77.0
2025-07-03T09:53:37.832974,3.82,0.0934,0.1028,85.3,11.4,8.0
2025-07-03T09:53:38.096511,3.82,0.1037,0.1119,85.3,12.7,8.0
2025-07-03T09:53:38.359544,3.82,0.0973,0.1058,85.3,14.7,8.0
2025-07-03T09:53:38.624753,3.82,0.0973,0.1046,85.3,9.2,8.0
2025-07-03T09:53:38.898997,3.82,0.0987,0.1074,85.4,7.7,31.0
2025-07-03T09:53:39.152890,3.82,0.0959,0.1044,85.3,8.3,31.0
2025-07-03T09:53:39.430370,3.82,0.1029,0.1134,85.3,9.9,31.0
2025-07-03T09:53:39.708486,3.81,0.0959,0.1044,85.3,10.1,31.0
2025-07-03T09:53:39.973654,3.81,0.0923,0.1003,85.2,9.3,35.0
2025-07-03T09:53:40.238402,3.81,0.0974,0.1057,85.3,7.4,35.0
2025-07-03T09:53:40.488159,3.81,0.0895,0.0972,85.3,12.7,35.0
2025-07-03T09:53:40.751758,3.81,0.1003,0.109,85.3,9.2,35.0
2025-07-03T09:53:41.019502,3.81,0.089,0.0972,85.3,16.7,34.0
2025-07-03T09:53:41.283811,3.81,0.1019,0.1095,85.3,14.5,34.0
2025-07-03T09:53:41.547455,3.81,0.0943,0.104,85.4,14.3,34.0
2025-07-03T09:53:41.810288,3.81,0.0928,0.1014,85.3,18.9,35.0
2025-07-03T09:53:42.075580,3.81,0.1013,0.1098,85.3,14.8,35.0
2025-07-03T09:53:42.336431,3.81,0.0986,0.1062,85.3,12.9,35.0
2025-07-03T09:53:42.588637,3.81,0.0922,0.1009,85.3,9.6,35.0
2025-07-03T09:53:42.853690,3.81,0.1024,0.1093,85.3,13.0,77.0
2025-07-03T09:53:43.105452,3.81,0.0889,0.0976,85.3,10.7,77.0
2025-07-03T09:53:43.371644,3.81,0.0954,0.1037,85.3,12.1,77.0
2025-07-03T09:53:43.648490,3.81,0.1003,0.1094,85.4,12.5,77.0
2025-07-03T09:53:43.903863,3.81,0.0953,0.1039,85.3,9.6,8.0
2025-07-03T09:53:44.167471,3.81,0.0918,0.0995,85.3,7.8,8.0
2025-07-03T09:53:44.417362,3.81,0.0884,0.097,85.3,5.1,8.0
2025-07-03T09:53:44.680723,3.81,0.0948,0.1023,85.3,8.1,8.0
2025-07-03T09:53:44.947163,3.81,0.0904,0.1005,85.3,10.9,31.0
2025-07-03T09:53:45.209782,3.81,0.102,0.1116,85.3,9.2,31.0
2025-07-03T09:53:45.467585,3.81,0.0919,0.1,85.3,8.9,31.0
2025-07-03T09:53:45.722893,3.81,0.0935,0.1023,85.3,12.1,31.0
2025-07-03T09:53:45.988221,3.82,0.0934,0.1016,85.3,7.8,34.0
2025-07-03T09:53:46.236334,3.82,0.087,0.0947,85.3,15.7,34.0
2025-07-03T09:53:46.501768,3.82,0.0963,0.1049,85.3,9.9,34.0
2025-07-03T09:53:46.781931,3.81,0.0862,0.1142,85.4,10.9,35.0
2025-07-03T09:53:47.062983,3.81,0.0889,0.1146,85.3,15.6,35.0
2025-07-03T09:53:47.340185,3.81,0.0926,0.1179,85.4,12.7,35.0
2025-07-03T09:53:47.623538,3.81,0.0914,0.1214,85.4,12.8,35.0
2025-07-03T09:53:47.893965,3.81,0.0926,0.1011,85.4,14.9,34.0
2025-07-03T09:53:48.170746,3.81,0.0917,0.1199,85.3,8.4,34.0
2025-07-03T09:53:48.437373,3.81,0.0898,0.1166,85.4,12.5,34.0
2025-07-03T09:53:48.732683,3.81,0.103,0.1308,85.2,9.4,34.0
2025-07-03T09:53:49.015230,3.81,0.0918,0.1178,85.3,11.9,79.0
2025-07-03T09:53:49.278271,3.81,0.0901,0.1001,85.3,14.3,79.0
2025-07-03T09:53:49.558030,3.81,0.093,0.1201,85.3,11.6,79.0
2025-07-03T09:53:49.842802,3.81,0.1025,0.131,85.3,15.1,8.0
2025-07-03T09:53:50.124273,3.81,0.0877,0.1187,85.3,13.8,8.0
2025-07-03T09:53:50.417273,3.81,0.0958,0.125,85.3,14.8,8.0
2025-07-03T09:53:50.704078,3.81,0.1112,0.1217,85.3,8.7,8.0
2025-07-03T09:53:50.999632,3.81,0.0926,0.1188,85.3,9.4,31.0
2025-07-03T09:53:51.282049,3.81,0.0879,0.1131,85.3,6.9,31.0
2025-07-03T09:53:51.545701,3.81,0.0886,0.1002,85.2,11.8,31.0
2025-07-03T09:53:51.835169,3.81,0.0925,0.1191,85.2,10.3,34.0
2025-07-03T09:53:52.092370,3.81,0.0908,0.0989,85.3,13.0,34.0
2025-07-03T09:53:52.390726,3.8,0.1065,0.1328,85.3,17.7,34.0
2025-07-03T09:53:52.670133,3.8,0.0922,0.1206,85.2,8.0,34.0
2025-07-03T09:53:52.947670,3.8,0.0901,0.0994,85.2,11.4,34.0
2025-07-03T09:53:53.219234,3.8,0.0933,0.1192,85.2,10.3,34.0
2025-07-03T09:53:53.500543,3.8,0.0949,0.1205,85.3,14.0,34.0
2025-07-03T09:53:53.781526,3.8,0.0932,0.121,85.3,13.2,34.0
2025-07-03T09:53:54.060492,3.8,0.0894,0.1175,85.3,14.8,39.0
2025-07-03T09:53:54.323772,3.8,0.0911,0.1067,85.3,17.5,39.0
2025-07-03T09:53:54.606790,3.8,0.095,0.1245,85.3,11.0,39.0
2025-07-03T09:53:54.887976,3.8,0.0928,0.1229,85.3,11.8,35.0
2025-07-03T09:53:55.182289,3.8,0.091,0.1183,85.3,11.8,35.0
2025-07-03T09:53:55.460921,3.8,0.0952,0.1206,85.3,9.3,35.0
2025-07-03T09:53:55.727420,3.8,0.0921,0.1039,85.2,8.7,35.0
2025-07-03T09:53:56.006246,3.8,0.0882,0.1137,85.2,7.0,7.0
2025-07-03T09:53:56.297515,3.8,0.0944,0.1258,85.3,12.9,7.0
2025-07-03T09:53:56.566408,3.8,0.0911,0.1159,85.3,15.5,7.0
2025-07-03T09:53:56.845580,3.8,0.0956,0.1231,85.3,12.5,7.0
2025-07-03T09:53:57.107564,3.8,0.0889,0.0972,85.3,14.1,7.0
2025-07-03T09:53:57.369828,3.8,0.0934,0.1021,85.3,17.2,7.0
2025-07-03T09:53:57.648753,3.8,0.0908,0.1184,85.3,14.2,7.0
2025-07-03T09:53:57.930533,3.8,0.0907,0.1168,85.3,7.3,34.0
2025-07-03T09:53:58.207925,3.8,0.0928,0.1008,85.3,7.4,34.0
2025-07-03T09:53:58.459272,3.8,0.088,0.0971,85.3,7.3,34.0
2025-07-03T09:53:58.725034,3.8,0.0911,0.1177,85.3,11.8,34.0
2025-07-03T09:53:58.990383,3.8,0.1001,0.1083,85.3,7.2,35.0
2025-07-03T09:53:59.271826,3.8,0.0944,0.1219,85.3,8.3,35.0
2025-07-03T09:53:59.552959,3.8,0.089,0.1176,85.3,12.1,35.0
2025-07-03T09:53:59.825884,3.8,0.0897,0.0993,85.3,14.8,35.0
2025-07-03T09:54:00.096097,3.8,0.0892,0.1037,85.3,18.0,35.0
2025-07-03T09:54:00.377676,3.79,0.0874,0.1156,85.4,16.2,35.0
2025-07-03T09:54:00.633666,3.79,0.0891,0.0976,85.3,18.9,35.0
2025-07-03T09:54:00.904482,3.79,0.0912,0.1171,85.3,16.0,34.0
2025-07-03T09:54:01.156087,3.79,0.0896,0.0984,85.3,14.7,34.0
2025-07-03T09:54:01.439380,3.79,0.0943,0.1212,85.3,11.0,34.0
2025-07-03T09:54:01.732659,3.79,0.0941,0.1197,85.3,9.1,34.0
2025-07-03T09:54:02.011719,3.79,0.0906,0.1167,85.3,10.0,36.0
2025-07-03T09:54:02.278076,3.79,0.0997,0.1089,85.4,9.4,36.0
2025-07-03T09:54:02.542947,3.79,0.0955,0.104,85.4,7.3,36.0
2025-07-03T09:54:02.824401,3.79,0.0937,0.1235,85.4,12.1,7.0
2025-07-03T09:54:03.105572,3.79,0.0979,0.1267,85.4,18.6,7.0
2025-07-03T09:54:03.383548,3.79,0.095,0.1227,85.5,11.7,7.0
2025-07-03T09:54:03.679176,3.79,0.0962,0.1231,85.4,12.8,7.0
2025-07-03T09:54:03.931116,3.79,0.0888,0.0974,85.5,7.8,8.0
2025-07-03T09:54:04.195492,3.79,0.0932,0.1007,85.4,11.4,8.0
2025-07-03T09:54:04.478072,3.79,0.0914,0.1174,85.5,4.7,8.0
2025-07-03T09:54:04.742791,3.79,0.0924,0.1014,85.5,5.9,8.0
2025-07-03T09:54:05.021757,3.79,0.0919,0.1182,85.4,7.2,34.0
2025-07-03T09:54:05.273856,3.79,0.0921,0.1008,85.4,17.9,34.0
2025-07-03T09:54:05.539565,3.79,0.0864,0.1141,85.4,8.8,34.0
2025-07-03T09:54:05.818319,3.79,0.0923,0.1178,85.4,17.7,34.0
2025-07-03T09:54:06.099656,3.79,0.1064,0.1164,85.4,17.7,36.0
2025-07-03T09:54:06.387706,3.79,0.093,0.1229,85.3,14.8,36.0
2025-07-03T09:54:06.643712,3.79,0.0923,0.1009,85.4,17.9,36.0
2025-07-03T09:54:06.928662,3.79,0.0885,0.1159,85.3,19.1,34.0
2025-07-03T09:54:07.206201,3.79,0.0993,0.1104,84.9,20.6,34.0
2025-07-03T09:54:07.496024,3.79,0.0924,0.1209,85.0,15.2,34.0
2025-07-03T09:54:07.799166,3.79,0.0982,0.1249,84.9,13.1,34.0
2025-07-03T09:54:08.076090,3.79,0.0866,0.1149,84.9,6.6,35.0
2025-07-03T09:54:08.340157,3.79,0.0914,0.099,84.9,12.7,35.0
2025-07-03T09:54:08.616287,3.79,0.0901,0.116,84.9,22.0,35.0
2025-07-03T09:54:08.909088,3.79,0.0932,0.1198,84.9,13.8,11.0
2025-07-03T09:54:09.194620,3.79,0.0927,0.1223,84.9,8.5,11.0
2025-07-03T09:54:09.471598,3.79,0.0893,0.1162,84.9,6.5,11.0
2025-07-03T09:54:09.739029,3.78,0.0987,0.109,85.0,10.6,11.0
2025-07-03T09:54:10.021860,3.78,0.0932,0.1194,84.9,7.2,7.0
2025-07-03T09:54:10.297239,3.78,0.0865,0.1127,84.9,18.1,7.0
2025-07-03T09:54:10.578500,3.78,0.0915,0.1189,84.9,6.9,7.0
2025-07-03T09:54:10.845819,3.78,0.0898,0.1152,84.9,15.0,35.0
2025-07-03T09:54:11.112558,3.78,0.0907,0.0992,84.9,12.5,35.0
2025-07-03T09:54:11.391675,3.78,0.0888,0.1175,84.9,15.0,35.0
2025-07-03T09:54:11.672954,3.78,0.0889,0.1166,84.9,11.9,35.0
2025-07-03T09:54:11.969337,3.78,0.094,0.1271,84.9,9.4,35.0
2025-07-03T09:54:12.238627,3.78,0.0881,0.1165,84.8,20.4,35.0
2025-07-03T09:54:12.502941,3.78,0.0962,0.1047,84.9,6.4,35.0
2025-07-03T09:54:12.785221,3.78,0.0895,0.1163,84.8,16.3,35.0
2025-07-03T09:54:13.064422,3.78,0.0898,0.118,84.9,8.6,36.0
2025-07-03T09:54:13.315604,3.78,0.0924,0.1015,84.9,17.2,36.0
2025-07-03T09:54:13.597141,3.78,0.0873,0.1171,84.9,14.3,36.0
2025-07-03T09:54:13.873721,3.78,0.0943,0.1034,84.9,21.3,38.0
2025-07-03T09:54:14.171675,3.78,0.0981,0.131,84.9,11.6,38.0
2025-07-03T09:54:14.457711,3.78,0.0904,0.1165,84.8,13.8,38.0
2025-07-03T09:54:14.718267,3.78,0.0888,0.0998,84.9,9.9,38.0
2025-07-03T09:54:14.977975,3.78,0.0909,0.0977,84.8,8.8,34.0
2025-07-03T09:54:15.250201,3.78,0.0965,0.1055,84.9,7.0,34.0
2025-07-03T09:54:15.547201,3.78,0.1103,0.1364,84.9,6.9,34.0
2025-07-03T09:54:15.828142,3.78,0.0909,0.118,84.9,9.6,34.0
2025-07-03T09:54:16.091797,3.78,0.0905,0.099,84.9,14.4,7.0
2025-07-03T09:54:16.356418,3.78,0.0941,0.1053,84.9,13.4,7.0
2025-07-03T09:54:16.623910,3.78,0.1044,0.114,84.9,13.7,7.0
2025-07-03T09:54:16.902417,3.78,0.0889,0.116,84.8,11.5,7.0
2025-07-03T09:54:17.168149,3.78,0.0875,0.1139,84.9,12.8,7.0
2025-07-03T09:54:17.432890,3.78,0.0948,0.1034,84.8,12.9,7.0
2025-07-03T09:54:17.698683,3.78,0.0866,0.1137,84.8,11.8,7.0
2025-07-03T09:54:17.962401,3.78,0.0975,0.1075,84.9,9.4,33.0
2025-07-03T09:54:18.244384,3.78,0.0901,0.1164,84.9,7.9,33.0
2025-07-03T09:54:18.522753,3.78,0.0892,0.1153,84.9,9.3,33.0
2025-07-03T09:54:18.773901,3.78,0.0895,0.097,84.9,10.2,33.0
2025-07-03T09:54:19.069121,3.78,0.0934,0.1189,84.9,11.8,38.0
2025-07-03T09:54:19.337732,3.78,0.0923,0.1014,85.0,14.0,38.0
2025-07-03T09:54:19.616330,3.78,0.0978,0.1244,84.9,15.6,38.0
2025-07-03T09:54:19.910596,3.78,0.089,0.1154,84.9,10.7,37.0
2025-07-03T09:54:20.192010,3.78,0.0898,0.1184,85.0,9.0,37.0
2025-07-03T09:54:20.473519,3.78,0.0873,0.114,85.0,7.6,37.0
2025-07-03T09:54:20.724944,3.78,0.0942,0.1028,84.9,6.5,37.0
2025-07-03T09:54:21.022071,3.77,0.0915,0.1179,84.9,13.2,36.0
2025-07-03T09:54:21.288275,3.77,0.0966,0.1041,84.9,7.4,36.0
2025-07-03T09:54:21.537673,3.77,0.0894,0.0979,84.9,13.5,36.0
2025-07-03T09:54:21.828063,3.77,0.0923,0.1194,84.9,8.4,36.0
2025-07-03T09:54:22.096993,3.77,0.0955,0.104,84.9,10.8,11.0
2025-07-03T09:54:22.376587,3.77,0.0903,0.1175,84.9,15.6,11.0
2025-07-03T09:54:22.641816,3.77,0.0981,0.1071,85.0,15.8,11.0
2025-07-03T09:54:22.920129,3.77,0.0963,0.1254,85.0,13.2,8.0
2025-07-03T09:54:23.200312,3.77,0.0949,0.1222,85.0,10.7,8.0
2025-07-03T09:54:23.466098,3.77,0.094,0.1035,84.9,13.9,8.0
2025-07-03T09:54:23.761867,3.77,0.0995,0.1274,85.0,9.5,8.0
2025-07-03T09:54:24.052951,3.77,0.0937,0.1212,84.9,7.1,36.0
2025-07-03T09:54:24.305149,3.77,0.0912,0.1006,85.0,15.2,36.0
2025-07-03T09:54:24.572720,3.77,0.0898,0.1191,85.0,5.6,36.0
2025-07-03T09:54:24.838153,3.77,0.0933,0.1013,85.1,11.3,36.0
2025-07-03T09:54:25.099550,3.77,0.0992,0.1077,85.0,8.5,33.0
2025-07-03T09:54:25.368241,3.77,0.0882,0.1151,84.9,13.7,33.0
2025-07-03T09:54:25.634069,3.77,0.0935,0.1016,85.0,14.3,33.0
2025-07-03T09:54:25.899527,3.77,0.0894,0.1159,84.9,14.2,36.0
2025-07-03T09:54:26.175823,3.77,0.0891,0.0982,84.9,14.0,36.0
2025-07-03T09:54:26.448698,3.77,0.0918,0.118,84.9,12.9,36.0
2025-07-03T09:54:26.729064,3.77,0.0947,0.1197,85.0,9.2,36.0
2025-07-03T09:54:27.010688,3.77,0.1181,0.1302,85.0,7.2,35.0
2025-07-03T09:54:27.287478,3.77,0.0933,0.1201,85.0,12.0,35.0
2025-07-03T09:54:27.554003,3.77,0.0998,0.1073,84.9,10.9,35.0
2025-07-03T09:54:27.836485,3.77,0.0911,0.1204,84.9,8.2,35.0
2025-07-03T09:54:28.114577,3.77,0.0989,0.1254,84.9,16.0,35.0
2025-07-03T09:54:28.364678,3.77,0.0914,0.1,85.0,50.4,35.0
2025-07-03T09:54:28.597652,3.77,0.0734,0.0835,84.9,43.9,35.0
2025-07-03T09:54:28.830454,3.77,0.067,0.0787,84.9,58.5,35.0
2025-07-03T09:54:29.101904,3.77,0.0746,0.1022,84.9,58.9,8.0
2025-07-03T09:54:29.360795,3.77,0.0712,0.0992,84.9,50.4,8.0
2025-07-03T09:54:29.611841,3.77,0.0728,0.099,84.8,51.4,8.0
2025-07-03T09:54:29.863676,3.77,0.0742,0.1006,84.8,48.9,8.0
2025-07-03T09:54:30.096820,3.77,0.0739,0.0831,84.8,45.3,8.0
2025-07-03T09:54:30.361805,3.77,0.0726,0.0992,84.8,48.5,8.0
2025-07-03T09:54:30.618606,3.77,0.0743,0.1005,84.8,48.3,8.0
2025-07-03T09:54:30.879658,3.77,0.071,0.0985,84.9,44.7,8.0
2025-07-03T09:54:31.127851,3.77,0.0755,0.0855,84.9,48.6,35.0
2025-07-03T09:54:31.357606,3.77,0.0703,0.0802,84.9,46.0,35.0
2025-07-03T09:54:31.590404,3.77,0.0758,0.0842,84.9,42.1,35.0
2025-07-03T09:54:31.840051,3.78,0.0748,0.102,84.9,41.4,35.0
2025-07-03T09:54:32.091943,3.78,0.0766,0.101,84.9,42.6,33.0
2025-07-03T09:54:32.341730,3.78,0.0732,0.1002,84.9,48.7,33.0
2025-07-03T09:54:32.605818,3.78,0.0748,0.101,84.9,44.4,33.0
2025-07-03T09:54:32.854421,3.78,0.0739,0.082,84.9,42.6,33.0
2025-07-03T09:54:33.118317,3.78,0.0741,0.1012,84.9,44.2,37.0
2025-07-03T09:54:33.383013,3.78,0.0739,0.1018,84.9,44.7,37.0
2025-07-03T09:54:34.491449,3.78,0.0749,0.1032,84.9,54.3,0.0
2025-07-03T09:54:34.801870,3.76,0.1098,0.129,85.4,44.8,0.0
2025-07-03T09:54:35.529999,3.76,0.093,0.103,85.7,29.1,32.0
2025-07-03T09:54:35.814831,3.75,0.1019,0.1192,85.9,54.7,32.0
2025-07-03T09:54:36.095625,3.75,0.1004,0.1274,86.1,22.5,35.0
2025-07-03T09:54:36.380804,3.75,0.1045,0.1136,85.9,30.3,35.0
2025-07-03T09:54:36.658086,3.75,0.1038,0.121,85.8,21.2,35.0
2025-07-03T09:54:36.939180,3.75,0.109,0.1193,85.9,18.9,35.0
2025-07-03T09:54:37.206242,3.75,0.0918,0.1034,85.9,13.7,34.0
2025-07-03T09:54:37.485264,3.75,0.0959,0.123,85.8,16.4,34.0
2025-07-03T09:54:37.750709,3.75,0.1026,0.1109,85.8,14.7,34.0
2025-07-03T09:54:38.047304,3.75,0.0996,0.1103,85.9,12.4,34.0
2025-07-03T09:54:38.312025,3.75,0.0926,0.1022,85.8,10.3,34.0
2025-07-03T09:54:38.577388,3.75,0.0868,0.1163,85.8,10.9,34.0
2025-07-03T09:54:38.859095,3.75,0.099,0.1265,85.8,17.9,34.0
2025-07-03T09:54:39.143834,3.74,0.0947,0.1258,85.8,15.5,35.0
2025-07-03T09:54:39.418288,3.74,0.0933,0.1209,85.9,14.8,35.0
2025-07-03T09:54:39.686694,3.74,0.0915,0.1046,85.8,9.5,35.0
2025-07-03T09:54:39.950126,3.74,0.0937,0.1028,85.9,17.4,35.0
2025-07-03T09:54:40.235067,3.74,0.098,0.1285,85.9,10.7,36.0
2025-07-03T09:54:40.500648,3.74,0.0921,0.1022,85.9,10.7,36.0
2025-07-03T09:54:40.784722,3.74,0.1003,0.1112,85.8,12.8,36.0
2025-07-03T09:54:41.063885,3.74,0.1031,0.1116,85.9,12.2,35.0
2025-07-03T09:54:41.344150,3.74,0.0919,0.1021,85.8,11.3,35.0
2025-07-03T09:54:41.624656,3.74,0.1009,0.1284,85.9,8.3,35.0
2025-07-03T09:54:41.874971,3.74,0.092,0.1007,85.8,12.1,35.0
2025-07-03T09:54:42.168383,3.74,0.1122,0.1247,85.8,15.7,33.0
2025-07-03T09:54:42.435301,3.74,0.0924,0.1014,85.8,14.2,33.0
2025-07-03T09:54:42.716651,3.74,0.0935,0.1238,85.8,13.6,33.0
2025-07-03T09:54:43.010837,3.74,0.1072,0.1372,85.6,14.6,33.0
2025-07-03T09:54:43.305739,3.74,0.1,0.1298,85.5,11.0,33.0
2025-07-03T09:54:43.585846,3.74,0.0985,0.124,85.5,10.4,33.0
2025-07-03T09:54:43.852703,3.74,0.1014,0.1097,85.6,8.2,33.0
2025-07-03T09:54:44.118276,3.74,0.0924,0.1007,85.5,8.6,33.0
2025-07-03T09:54:44.396808,3.74,0.0941,0.1204,85.6,12.9,33.0
2025-07-03T09:54:44.659360,3.74,0.0915,0.1005,85.5,14.8,33.0
2025-07-03T09:54:44.921702,3.74,0.0886,0.1003,85.5,27.6,33.0
2025-07-03T09:54:45.195188,3.74,0.0933,0.1024,85.6,13.9,33.0
2025-07-03T09:54:45.470090,3.74,0.0891,0.1172,85.5,16.2,33.0
2025-07-03T09:54:45.752732,3.74,0.0949,0.1206,85.6,16.7,33.0
2025-07-03T09:54:46.034361,3.74,0.1144,0.1234,85.6,13.7,33.0
2025-07-03T09:54:46.303615,3.74,0.0914,0.1006,85.6,18.5,33.0
2025-07-03T09:54:46.559886,3.74,0.0936,0.1016,85.7,16.7,33.0
2025-07-03T09:54:46.824205,3.74,0.0935,0.1017,85.6,9.8,33.0
2025-07-03T09:54:47.111672,3.74,0.0907,0.1177,85.6,7.6,33.0
2025-07-03T09:54:47.386974,3.74,0.0955,0.1056,85.6,10.7,33.0
2025-07-03T09:54:47.652682,3.74,0.0893,0.1147,85.6,9.0,33.0
2025-07-03T09:54:47.904543,3.74,0.0927,0.1019,85.6,10.4,33.0
2025-07-03T09:54:48.181802,3.74,0.0935,0.1185,85.6,13.3,34.0
2025-07-03T09:54:48.464279,3.74,0.0904,0.0999,85.6,12.5,34.0
2025-07-03T09:54:48.743563,3.74,0.0931,0.1192,85.7,13.8,34.0
2025-07-03T09:54:49.032522,3.74,0.0945,0.1228,85.6,9.4,36.0
2025-07-03T09:54:49.306527,3.74,0.1056,0.1131,85.6,11.3,36.0
2025-07-03T09:54:49.593808,3.74,0.0908,0.1212,85.6,6.7,36.0
2025-07-03T09:54:49.869607,3.74,0.0965,0.1242,85.6,8.9,36.0
2025-07-03T09:54:50.144465,3.74,0.0977,0.1057,85.6,7.5,34.0
2025-07-03T09:54:50.414820,3.74,0.0932,0.1189,85.6,9.3,34.0
2025-07-03T09:54:50.680232,3.74,0.0926,0.1016,85.6,11.2,34.0
2025-07-03T09:54:50.959183,3.74,0.0944,0.1204,85.7,15.2,34.0
2025-07-03T09:54:51.237766,3.74,0.0952,0.1227,85.6,16.7,35.0
2025-07-03T09:54:51.501661,3.74,0.0907,0.102,85.6,22.0,35.0
2025-07-03T09:54:51.780829,3.74,0.0961,0.1217,85.6,9.1,35.0
2025-07-03T09:54:52.046054,3.74,0.0909,0.099,85.6,12.1,11.0
2025-07-03T09:54:52.326730,3.74,0.0863,0.1145,85.6,11.5,11.0
2025-07-03T09:54:52.608857,3.74,0.0925,0.1191,85.6,10.2,11.0
2025-07-03T09:54:52.873602,3.74,0.0876,0.097,85.6,10.6,11.0
2025-07-03T09:54:53.151607,3.74,0.0899,0.1163,85.7,8.6,8.0
2025-07-03T09:54:53.418010,3.74,0.0941,0.1016,85.6,10.1,8.0
2025-07-03T09:54:53.697246,3.74,0.0963,0.1232,85.6,14.6,8.0
2025-07-03T09:54:53.983832,3.74,0.0914,0.1178,85.6,14.9,8.0
2025-07-03T09:54:54.244333,3.74,0.0969,0.1045,85.6,10.3,36.0
2025-07-03T09:54:54.526485,3.74,0.0917,0.1184,85.6,7.9,36.0
2025-07-03T09:54:54.790127,3.74,0.0951,0.1042,85.6,8.1,36.0
2025-07-03T09:54:55.073413,3.74,0.0874,0.1162,85.6,7.1,35.0
2025-07-03T09:54:55.354837,3.74,0.0905,0.1176,85.6,10.7,35.0
2025-07-03T09:54:55.619284,3.74,0.095,0.1025,85.6,6.4,35.0
2025-07-03T09:54:55.900443,3.74,0.0905,0.1197,85.6,5.8,35.0
2025-07-03T09:54:56.165297,3.74,0.0961,0.1037,85.6,9.7,36.0
2025-07-03T09:54:56.429912,3.74,0.0956,0.1031,85.6,12.4,36.0
2025-07-03T09:54:56.712069,3.74,0.0965,0.1121,85.6,12.6,36.0
2025-07-03T09:54:56.974492,3.74,0.0955,0.1036,85.6,7.6,36.0
2025-07-03T09:54:57.251958,3.74,0.0904,0.1161,85.6,9.8,36.0
2025-07-03T09:54:57.519541,3.74,0.0951,0.1057,85.6,12.6,36.0
2025-07-03T09:54:57.799691,3.74,0.091,0.1179,85.6,16.0,36.0
2025-07-03T09:54:58.083602,3.74,0.0945,0.1236,85.6,11.4,34.0
2025-07-03T09:54:58.346153,3.74,0.0939,0.103,85.6,11.3,34.0
2025-07-03T09:54:58.627167,3.74,0.0868,0.1143,85.6,15.4,34.0
2025-07-03T09:54:58.892444,3.74,0.0981,0.1056,85.6,13.1,34.0
2025-07-03T09:54:59.158142,3.74,0.0972,0.1103,85.6,18.6,8.0
2025-07-03T09:54:59.422938,3.74,0.0928,0.1011,85.6,21.6,8.0
2025-07-03T09:54:59.684277,3.74,0.0936,0.1036,85.7,11.3,8.0
2025-07-03T09:54:59.963857,3.74,0.0913,0.119,85.7,14.2,8.0
2025-07-03T09:55:00.250925,3.74,0.1033,0.1124,85.6,10.9,8.0
2025-07-03T09:55:00.525309,3.73,0.0891,0.1165,85.7,10.3,8.0
2025-07-03T09:55:00.805247,3.73,0.0935,0.1213,85.6,9.2,8.0
2025-07-03T09:55:01.068669,3.73,0.0902,0.0992,85.7,7.4,34.0
2025-07-03T09:55:01.334491,3.73,0.1069,0.1159,85.7,8.6,34.0
2025-07-03T09:55:01.598389,3.73,0.0899,0.1003,85.6,8.4,34.0
2025-07-03T09:55:01.869501,3.73,0.0889,0.1164,85.7,8.5,34.0
2025-07-03T09:55:02.137401,3.73,0.0889,0.0988,85.7,8.9,34.0
2025-07-03T09:55:02.395489,3.73,0.0949,0.1049,85.6,9.8,34.0
2025-07-03T09:55:02.689753,3.73,0.1061,0.1358,85.7,17.6,34.0
2025-07-03T09:55:02.954702,3.73,0.0942,0.1019,85.6,23.7,34.0
2025-07-03T09:55:03.219034,3.73,0.0942,0.1027,85.6,15.0,35.0
2025-07-03T09:55:03.516216,3.73,0.0978,0.1272,85.6,12.8,35.0
2025-07-03T09:55:03.789183,3.73,0.0918,0.0989,85.6,15.0,35.0
2025-07-03T09:55:04.098024,3.73,0.113,0.1414,85.6,9.6,39.0
2025-07-03T09:55:04.371707,3.73,0.0926,0.1197,85.6,7.0,39.0
2025-07-03T09:55:04.650424,3.73,0.0986,0.1243,85.5,5.7,39.0
2025-07-03T09:55:04.916261,3.73,0.0973,0.1053,85.5,9.5,39.0
2025-07-03T09:55:05.189296,3.73,0.0974,0.1065,85.5,8.2,35.0
2025-07-03T09:55:05.449609,3.73,0.0932,0.1012,85.5,11.6,35.0
2025-07-03T09:55:05.713598,3.73,0.0967,0.1079,85.5,13.7,35.0
2025-07-03T09:55:05.979759,3.73,0.0926,0.1001,85.5,16.0,35.0
2025-07-03T09:55:06.242549,3.73,0.0923,0.1008,85.4,14.8,8.0
2025-07-03T09:55:06.511939,3.73,0.093,0.1011,85.4,13.9,8.0
2025-07-03T09:55:06.787251,3.73,0.0888,0.1173,85.4,12.5,8.0
2025-07-03T09:55:07.064564,3.73,0.1053,0.113,85.4,18.4,8.0
2025-07-03T09:55:07.345810,3.73,0.0886,0.1186,85.2,22.4,8.0
2025-07-03T09:55:07.621880,3.73,0.0857,0.1124,85.3,19.0,8.0
2025-07-03T09:55:07.892797,3.73,0.1013,0.1108,85.3,14.0,8.0
2025-07-03T09:55:08.174733,3.73,0.095,0.1247,85.3,13.1,33.0
2025-07-03T09:55:08.455135,3.73,0.0947,0.1044,85.2,12.3,33.0
2025-07-03T09:55:08.732874,3.73,0.0878,0.1149,85.3,10.8,33.0
2025-07-03T09:55:09.000176,3.73,0.0933,0.1032,85.3,16.4,33.0
2025-07-03T09:55:09.249231,3.73,0.0903,0.0983,85.3,16.0,36.0
2025-07-03T09:55:09.540937,3.73,0.0926,0.1209,85.3,10.7,36.0
2025-07-03T09:55:09.808123,3.73,0.0943,0.1028,85.3,12.6,36.0
2025-07-03T09:55:10.091883,3.73,0.0939,0.1197,85.3,7.7,34.0
2025-07-03T09:55:10.373909,3.73,0.0945,0.1207,85.3,8.2,34.0
2025-07-03T09:55:10.639902,3.73,0.0924,0.1015,85.3,8.1,34.0
2025-07-03T09:55:10.907652,3.73,0.0891,0.1155,85.3,8.7,34.0
2025-07-03T09:55:11.170114,3.73,0.0957,0.1089,85.3,6.9,37.0
2025-07-03T09:55:11.433898,3.73,0.0956,0.1046,85.3,7.8,37.0
2025-07-03T09:55:11.715337,3.73,0.0959,0.1207,85.3,11.8,37.0
2025-07-03T09:55:11.994809,3.73,0.0924,0.1187,85.3,14.0,37.0
2025-07-03T09:55:12.267181,3.73,0.0877,0.114,85.3,15.3,7.0
2025-07-03T09:55:12.527972,3.73,0.0899,0.101,85.3,13.3,7.0
2025-07-03T09:55:12.807045,3.73,0.0958,0.1237,85.3,11.6,7.0
2025-07-03T09:55:13.087163,3.73,0.0874,0.1151,85.3,8.1,33.0
2025-07-03T09:55:13.377891,3.73,0.0905,0.1175,85.3,7.9,33.0
2025-07-03T09:55:13.649296,3.73,0.09,0.1168,85.4,9.9,33.0
2025-07-03T09:55:13.914894,3.73,0.0885,0.114,85.4,8.1,33.0
2025-07-03T09:55:14.193531,3.73,0.095,0.1221,85.3,7.1,35.0
2025-07-03T09:55:14.487291,3.73,0.0961,0.1217,85.3,13.0,35.0
2025-07-03T09:55:14.752535,3.73,0.0932,0.1012,85.4,18.5,35.0
2025-07-03T09:55:15.017863,3.73,0.0906,0.1014,85.4,17.9,35.0
2025-07-03T09:55:15.295834,3.73,0.0895,0.1155,85.4,15.1,33.0
2025-07-03T09:55:15.559776,3.73,0.0886,0.1148,85.3,16.2,33.0
2025-07-03T09:55:15.840349,3.73,0.0895,0.1164,85.3,8.1,33.0
2025-07-03T09:55:16.106170,3.73,0.0945,0.1025,85.3,9.1,35.0
2025-07-03T09:55:16.367683,3.73,0.0904,0.1001,85.4,8.5,35.0
2025-07-03T09:55:16.637133,3.73,0.0952,0.1052,85.3,5.3,35.0
2025-07-03T09:55:16.898049,3.73,0.0906,0.0981,85.4,8.3,35.0
2025-07-03T09:55:17.179973,3.73,0.0913,0.1206,85.4,8.7,76.0
2025-07-03T09:55:17.459547,3.73,0.0914,0.1199,85.3,10.3,76.0
2025-07-03T09:55:17.740994,3.73,0.0899,0.1182,85.3,12.0,76.0
2025-07-03T09:55:18.030774,3.73,0.0898,0.1161,85.3,11.6,76.0
2025-07-03T09:55:18.320308,3.73,0.0932,0.1192,85.4,17.2,7.0
2025-07-03T09:55:18.595990,3.73,0.095,0.1214,85.3,15.5,7.0
2025-07-03T09:55:18.860692,3.73,0.0943,0.1053,85.4,17.4,7.0
2025-07-03T09:55:19.155017,3.73,0.1025,0.1298,85.5,10.9,36.0
2025-07-03T09:55:19.436054,3.73,0.0916,0.1204,85.4,8.6,36.0
2025-07-03T09:55:19.711922,3.73,0.0891,0.1147,85.3,9.6,36.0
2025-07-03T09:55:19.979053,3.73,0.0894,0.1141,85.4,11.6,36.0
2025-07-03T09:55:20.258478,3.73,0.0869,0.1141,85.3,13.5,33.0
2025-07-03T09:55:20.523913,3.73,0.0924,0.1025,85.3,11.3,33.0
2025-07-03T09:55:20.803537,3.73,0.0889,0.1162,85.4,10.3,33.0
2025-07-03T09:55:21.084911,3.73,0.0897,0.1169,85.3,8.0,35.0
2025-07-03T09:55:21.350465,3.73,0.0942,0.1042,85.4,8.3,35.0
2025-07-03T09:55:21.613682,3.73,0.0914,0.102,85.4,8.5,35.0
2025-07-03T09:55:21.895010,3.73,0.0866,0.1124,85.3,7.4,35.0
2025-07-03T09:55:22.175352,3.73,0.0935,0.1207,85.3,8.7,36.0
2025-07-03T09:55:22.457510,3.73,0.0887,0.1161,85.4,7.7,36.0
2025-07-03T09:55:22.743519,3.73,0.0891,0.1154,85.4,9.2,36.0
2025-07-03T09:55:23.002963,3.73,0.0968,0.1058,85.3,14.2,36.0
2025-07-03T09:55:23.267978,3.73,0.0884,0.0974,85.4,15.8,34.0
2025-07-03T09:55:23.569489,3.73,0.099,0.1295,85.4,34.1,34.0
2025-07-03T09:55:23.872664,3.73,0.095,0.1266,85.3,12.6,34.0
2025-07-03T09:55:24.157263,3.73,0.0902,0.1186,85.3,11.4,8.0
2025-07-03T09:55:24.439193,3.72,0.0954,0.1199,85.3,8.7,8.0
2025-07-03T09:55:24.688482,3.72,0.0879,0.0956,85.4,10.0,8.0
2025-07-03T09:55:24.985727,3.72,0.1043,0.114,85.4,9.8,8.0
2025-07-03T09:55:25.288336,3.72,0.0937,0.122,85.4,13.0,7.0
2025-07-03T09:55:25.560846,3.72,0.093,0.117,85.4,16.3,7.0
2025-07-03T09:55:25.827091,3.72,0.0871,0.1147,85.3,12.3,7.0
2025-07-03T09:55:26.097644,3.72,0.093,0.1012,85.3,10.4,35.0
2025-07-03T09:55:26.403758,3.72,0.0951,0.1543,85.3,6.3,35.0
2025-07-03T09:55:26.703800,3.72,0.096,0.1242,85.3,10.1,35.0
2025-07-03T09:55:26.965493,3.72,0.0943,0.1038,85.3,10.9,35.0
2025-07-03T09:55:27.242982,3.72,0.087,0.1155,85.3,10.4,35.0
2025-07-03T09:55:27.512521,3.72,0.0918,0.1003,85.3,8.6,35.0
2025-07-03T09:55:27.815091,3.72,0.0947,0.1203,85.4,10.5,35.0
2025-07-03T09:55:28.096557,3.72,0.0919,0.1199,85.3,14.8,35.0
2025-07-03T09:55:28.363688,3.72,0.091,0.1014,85.3,13.3,35.0
2025-07-03T09:55:28.642892,3.72,0.0907,0.1235,85.3,9.6,35.0
2025-07-03T09:55:28.926617,3.72,0.0973,0.1234,85.3,9.4,35.0
2025-07-03T09:55:29.203601,3.72,0.0892,0.1184,85.3,7.7,39.0
2025-07-03T09:55:29.450952,3.72,0.0877,0.0992,85.3,10.7,39.0
2025-07-03T09:55:29.733286,3.72,0.0902,0.1003,85.3,8.7,39.0
2025-07-03T09:55:30.012739,3.72,0.0948,0.1222,85.3,19.4,39.0
2025-07-03T09:55:30.295559,3.72,0.0944,0.123,85.4,16.8,35.0
2025-07-03T09:55:30.572977,3.72,0.0922,0.1184,85.3,18.9,35.0
2025-07-03T09:55:30.853815,3.72,0.088,0.1158,85.3,10.9,35.0
2025-07-03T09:55:31.152711,3.72,0.1044,0.116,85.3,7.2,8.0
2025-07-03T09:55:31.430562,3.72,0.0923,0.121,85.3,8.7,8.0
2025-07-03T09:55:31.710529,3.72,0.1061,0.1318,85.3,11.5,8.0
2025-07-03T09:55:32.003707,3.72,0.1195,0.1298,85.3,11.7,8.0
2025-07-03T09:55:32.283685,3.72,0.0911,0.1165,85.3,12.4,7.0
2025-07-03T09:55:32.536223,3.72,0.0905,0.1,85.3,11.6,7.0
2025-07-03T09:55:32.815428,3.72,0.0937,0.1052,85.3,11.8,7.0
2025-07-03T09:55:33.103820,3.72,0.092,0.12,85.3,19.6,35.0
2025-07-03T09:55:33.388707,3.72,0.0914,0.1176,85.4,6.2,35.0
2025-07-03T09:55:33.673600,3.72,0.0905,0.1179,85.4,8.5,35.0
2025-07-03T09:55:33.947579,3.72,0.0907,0.1211,85.4,6.4,35.0
2025-07-03T09:55:34.212543,3.72,0.0971,0.1066,85.4,9.4,37.0
2025-07-03T09:55:34.492676,3.72,0.0884,0.1161,85.4,7.2,37.0
2025-07-03T09:55:34.759579,3.72,0.0939,0.1019,85.4,7.8,37.0
2025-07-03T09:55:35.022830,3.72,0.0875,0.0945,85.3,13.2,37.0
2025-07-03T09:55:35.300955,3.72,0.0961,0.1034,85.3,13.7,34.0
2025-07-03T09:55:35.565377,3.72,0.0928,0.1025,85.3,20.0,34.0
2025-07-03T09:55:35.846255,3.72,0.0931,0.1023,85.3,26.5,34.0
2025-07-03T09:55:36.124719,3.72,0.0944,0.123,85.3,12.7,34.0
2025-07-03T09:55:36.398801,3.72,0.096,0.1062,85.3,10.0,34.0
2025-07-03T09:55:36.653862,3.72,0.0926,0.1019,85.2,7.2,34.0
2025-07-03T09:55:36.919012,3.72,0.0948,0.1057,85.3,6.8,34.0
2025-07-03T09:55:37.170519,3.72,0.0893,0.0973,85.2,9.6,7.0
2025-07-03T09:55:37.434274,3.72,0.0973,0.1053,85.3,6.5,7.0
2025-07-03T09:55:37.713696,3.72,0.087,0.1146,85.3,7.4,7.0
2025-07-03T09:55:37.979032,3.72,0.0963,0.1038,85.2,6.8,7.0
2025-07-03T09:55:38.259150,3.72,0.0944,0.1052,85.2,10.7,7.0
2025-07-03T09:55:38.543250,3.72,0.0895,0.1174,85.2,11.5,7.0
2025-07-03T09:55:38.819469,3.72,0.0887,0.115,85.2,14.1,7.0
2025-07-03T09:55:39.127424,3.72,0.1193,0.148,85.2,21.0,37.0
2025-07-03T09:55:39.423995,3.72,0.0986,0.1286,85.2,10.2,37.0
2025-07-03T09:55:39.688096,3.72,0.0927,0.1051,85.2,8.2,37.0
2025-07-03T09:55:39.986421,3.72,0.088,0.1165,85.2,11.2,37.0
2025-07-03T09:55:40.252846,3.72,0.0888,0.116,85.2,9.4,33.0
2025-07-03T09:55:40.535407,3.72,0.0953,0.1222,85.2,11.1,33.0
2025-07-03T09:55:40.808437,3.72,0.0886,0.116,85.3,14.0,33.0
2025-07-03T09:55:41.076782,3.72,0.0962,0.1063,85.2,9.7,33.0
2025-07-03T09:55:41.355728,3.72,0.096,0.1237,85.1,11.8,35.0
2025-07-03T09:55:41.647852,3.72,0.0905,0.1182,85.2,7.8,35.0
2025-07-03T09:55:41.918729,3.72,0.0924,0.1183,85.2,8.0,35.0
2025-07-03T09:55:42.180493,3.72,0.0897,0.1015,85.1,6.8,35.0
2025-07-03T09:55:42.457186,3.72,0.0925,0.1015,85.2,8.4,35.0
2025-07-03T09:55:42.739650,3.72,0.0929,0.1197,85.2,6.2,35.0
2025-07-03T09:55:43.021540,3.72,0.094,0.1218,85.2,14.7,35.0
2025-07-03T09:55:43.284092,3.72,0.0972,0.1069,85.1,18.3,34.0
2025-07-03T09:55:43.569214,3.72,0.0902,0.1198,85.2,16.9,34.0
2025-07-03T09:55:43.829371,3.72,0.0887,0.0978,85.2,18.7,34.0
2025-07-03T09:55:44.109237,3.72,0.0901,0.1191,85.2,16.8,8.0
2025-07-03T09:55:44.390192,3.72,0.0942,0.1209,85.1,9.9,8.0
2025-07-03T09:55:44.642725,3.72,0.0891,0.0972,85.1,8.7,8.0
2025-07-03T09:55:44.925760,3.72,0.094,0.1209,85.2,7.9,8.0
2025-07-03T09:55:45.194508,3.72,0.0924,0.1034,85.2,12.8,7.0
2025-07-03T09:55:45.486336,3.72,0.104,0.1304,85.2,13.8,7.0
2025-07-03T09:55:45.765895,3.71,0.09,0.1165,85.1,13.4,7.0
2025-07-03T09:55:46.027796,3.72,0.0868,0.0968,85.2,11.7,7.0
2025-07-03T09:55:46.306856,3.71,0.0926,0.12,85.2,8.9,33.0
2025-07-03T09:55:46.570084,3.72,0.0911,0.0986,85.2,11.5,33.0
2025-07-03T09:55:46.850466,3.71,0.0908,0.1155,85.2,10.4,33.0
2025-07-03T09:55:47.117058,3.71,0.0949,0.1024,85.1,15.0,36.0
2025-07-03T09:55:47.382877,3.71,0.0931,0.1038,85.2,13.2,36.0
2025-07-03T09:55:47.647674,3.71,0.0882,0.1126,85.2,9.9,36.0
2025-07-03T09:55:47.912688,3.72,0.0894,0.0983,85.2,8.7,36.0
2025-07-03T09:55:48.176621,3.72,0.0877,0.1146,85.1,5.7,36.0
2025-07-03T09:55:48.453658,3.72,0.0885,0.1142,85.1,17.9,36.0
2025-07-03T09:55:48.736962,3.71,0.0887,0.1166,85.2,10.6,36.0
2025-07-03T09:55:49.023001,3.71,0.0913,0.1175,85.2,9.6,36.0
2025-07-03T09:55:49.280392,3.71,0.0887,0.0973,85.1,11.3,37.0
2025-07-03T09:55:49.574436,3.71,0.0907,0.1182,85.1,14.9,37.0
2025-07-03T09:55:49.854480,3.71,0.0899,0.1172,85.1,13.6,37.0
2025-07-03T09:55:50.136339,3.71,0.1094,0.1169,85.2,12.7,12.0
2025-07-03T09:55:50.417390,3.71,0.0908,0.119,85.1,9.7,12.0
2025-07-03T09:55:50.684074,3.71,0.0963,0.1029,85.2,7.3,12.0
2025-07-03T09:55:50.960117,3.71,0.0915,0.1182,85.2,11.3,12.0
2025-07-03T09:55:51.249342,3.71,0.0885,0.117,85.2,5.2,7.0
2025-07-03T09:55:51.505753,3.71,0.0911,0.1011,85.3,7.8,7.0
2025-07-03T09:55:51.786455,3.71,0.0971,0.1243,85.2,11.6,7.0
2025-07-03T09:55:52.035273,3.71,0.0911,0.0984,85.2,15.8,7.0
2025-07-03T09:55:52.315826,3.71,0.094,0.1219,85.2,9.8,36.0
2025-07-03T09:55:52.595978,3.71,0.0921,0.1198,85.1,17.6,36.0
2025-07-03T09:55:52.875692,3.71,0.0883,0.1188,85.2,14.8,36.0
2025-07-03T09:55:53.141590,3.71,0.0896,0.1142,85.2,9.4,35.0
2025-07-03T09:55:53.406201,3.71,0.0911,0.1026,85.2,13.1,35.0
2025-07-03T09:55:53.685044,3.71,0.0929,0.119,85.2,12.8,35.0
2025-07-03T09:55:53.976368,3.71,0.092,0.1187,85.2,9.2,35.0
2025-07-03T09:55:54.231981,3.71,0.0913,0.0978,85.2,6.0,33.0
2025-07-03T09:55:54.498135,3.71,0.0888,0.1166,85.1,15.3,33.0
2025-07-03T09:55:54.745552,3.71,0.0846,0.0962,85.1,8.9,33.0
2025-07-03T09:55:55.025345,3.71,0.0886,0.1175,85.1,11.0,33.0
2025-07-03T09:55:55.307750,3.71,0.0946,0.1192,85.2,13.4,35.0
2025-07-03T09:55:55.572702,3.71,0.0969,0.1051,85.2,18.7,35.0
2025-07-03T09:55:55.851992,3.71,0.0893,0.1163,85.2,12.3,35.0
2025-07-03T09:55:56.118007,3.71,0.0908,0.1008,85.1,11.3,36.0
2025-07-03T09:55:56.399677,3.71,0.0876,0.1162,85.1,12.2,36.0
2025-07-03T09:55:56.695133,3.71,0.1106,0.1396,85.2,7.3,36.0
2025-07-03T09:55:56.975583,3.71,0.0913,0.1192,85.2,6.2,36.0
2025-07-03T09:55:57.240371,3.71,0.0961,0.1046,85.2,5.6,6.0
2025-07-03T09:55:57.489515,3.71,0.0894,0.0976,85.1,8.5,6.0
2025-07-03T09:55:57.770417,3.71,0.094,0.1205,85.2,6.7,6.0
2025-07-03T09:55:58.051568,3.71,0.0986,0.1265,85.3,12.2,6.0
2025-07-03T09:55:58.320125,3.71,0.0915,0.1005,85.2,9.4,8.0
2025-07-03T09:55:58.596950,3.71,0.0897,0.1158,85.2,9.7,8.0
2025-07-03T09:55:58.874227,3.71,0.1102,0.1208,85.2,15.2,8.0
2025-07-03T09:55:59.153859,3.71,0.089,0.118,85.1,11.4,36.0
2025-07-03T09:55:59.403883,3.71,0.0907,0.0991,85.1,8.8,36.0
2025-07-03T09:55:59.668054,3.71,0.0945,0.1025,85.1,12.2,36.0
2025-07-03T09:55:59.947818,3.71,0.0892,0.1155,85.1,7.6,36.0
2025-07-03T09:56:00.212841,3.71,0.1009,0.1109,85.3,10.1,34.0
2025-07-03T09:56:00.491117,3.71,0.0878,0.1179,85.2,7.4,34.0
2025-07-03T09:56:00.755186,3.71,0.0958,0.111,85.1,7.9,34.0
2025-07-03T09:56:01.020205,3.71,0.0922,0.1025,85.1,7.6,34.0
2025-07-03T09:56:01.299763,3.71,0.0908,0.1174,85.1,8.5,34.0
2025-07-03T09:56:01.564087,3.71,0.0937,0.1037,85.1,16.4,34.0
2025-07-03T09:56:01.857732,3.71,0.0884,0.1174,85.1,14.3,34.0
2025-07-03T09:56:02.122079,3.71,0.0882,0.097,85.1,10.5,34.0
2025-07-03T09:56:02.386386,3.71,0.0958,0.1035,85.2,12.6,36.0
2025-07-03T09:56:02.680567,3.71,0.0941,0.1278,85.1,8.4,36.0
2025-07-03T09:56:02.945762,3.71,0.0886,0.0976,85.1,6.2,36.0
2025-07-03T09:56:03.240238,3.71,0.0924,0.1218,85.1,6.6,36.0
2025-07-03T09:56:03.519448,3.71,0.0954,0.1244,85.1,9.4,36.0
2025-07-03T09:56:03.786659,3.71,0.0945,0.1042,85.1,12.2,36.0
2025-07-03T09:56:04.094405,3.71,0.0905,0.1179,85.2,11.1,36.0
2025-07-03T09:56:04.361590,3.71,0.0883,0.1152,85.1,20.5,9.0
2025-07-03T09:56:04.626199,3.71,0.0941,0.1119,85.3,17.4,9.0
2025-07-03T09:56:04.908702,3.71,0.0924,0.1222,85.1,11.3,9.0
2025-07-03T09:56:05.171850,3.71,0.093,0.1011,85.2,13.1,7.0
2025-07-03T09:56:05.436152,3.71,0.0866,0.1126,85.1,7.4,7.0
2025-07-03T09:56:05.701548,3.71,0.098,0.1076,85.1,9.7,7.0
2025-07-03T09:56:05.969571,3.71,0.0903,0.117,85.2,9.4,7.0
2025-07-03T09:56:06.234797,3.71,0.0864,0.1129,85.2,7.8,30.0
2025-07-03T09:56:06.486328,3.71,0.0913,0.0999,85.2,9.0,30.0
2025-07-03T09:56:06.780551,3.71,0.103,0.1318,85.2,11.3,30.0
2025-07-03T09:56:07.045405,3.71,0.0895,0.097,85.2,8.5,30.0
2025-07-03T09:56:07.315361,3.71,0.0961,0.1052,85.2,10.0,34.0
2025-07-03T09:56:07.590714,3.71,0.0927,0.1238,85.2,16.8,34.0
2025-07-03T09:56:07.855824,3.71,0.0914,0.1018,85.2,14.2,34.0
2025-07-03T09:56:08.135939,3.71,0.0946,0.1232,85.1,14.1,34.0
2025-07-03T09:56:08.399045,3.71,0.0945,0.1046,85.1,7.8,35.0
2025-07-03T09:56:08.681702,3.71,0.0885,0.1158,85.2,16.1,35.0
2025-07-03T09:56:08.966117,3.71,0.0975,0.1254,85.2,5.8,35.0
2025-07-03T09:56:09.231756,3.71,0.0934,0.1029,85.1,8.2,37.0
2025-07-03T09:56:09.511871,3.71,0.0953,0.1215,85.1,10.5,37.0
2025-07-03T09:56:09.778158,3.71,0.093,0.103,85.1,12.9,37.0
2025-07-03T09:56:10.041664,3.71,0.0881,0.1138,85.1,8.0,37.0
2025-07-03T09:56:10.309879,3.71,0.0924,0.1187,85.1,6.0,10.0
2025-07-03T09:56:10.556685,3.71,0.0865,0.0949,85.1,8.3,10.0
2025-07-03T09:56:10.849255,3.71,0.0971,0.1241,85.1,9.9,10.0
2025-07-03T09:56:11.114236,3.71,0.1003,0.1093,85.2,12.9,10.0
2025-07-03T09:56:11.392650,3.71,0.0876,0.1137,85.0,9.5,7.0
2025-07-03T09:56:11.671983,3.71,0.0913,0.1193,85.1,14.2,7.0
2025-07-03T09:56:11.963656,3.71,0.0929,0.1004,85.1,15.8,7.0
2025-07-03T09:56:12.247144,3.71,0.1004,0.1116,85.1,9.2,34.0
2025-07-03T09:56:12.509522,3.71,0.0963,0.1034,85.1,9.2,34.0
2025-07-03T09:56:12.789720,3.71,0.0925,0.1214,85.1,11.8,34.0
2025-07-03T09:56:13.084117,3.71,0.0976,0.1266,85.1,16.4,34.0
2025-07-03T09:56:13.382574,3.71,0.0993,0.1278,85.1,12.4,35.0
2025-07-03T09:56:13.664590,3.71,0.0962,0.1225,85.1,14.6,35.0
2025-07-03T09:56:13.946204,3.71,0.0947,0.1232,85.1,7.4,35.0
2025-07-03T09:56:14.215248,3.71,0.0902,0.1169,85.1,10.3,36.0
2025-07-03T09:56:14.495088,3.71,0.0956,0.123,85.1,10.6,36.0
2025-07-03T09:56:14.757387,3.71,0.0986,0.1066,85.1,14.3,36.0
2025-07-03T09:56:15.022615,3.71,0.0922,0.1039,85.1,7.9,36.0
2025-07-03T09:56:15.300159,3.71,0.0948,0.1229,85.1,14.0,0.0
2025-07-03T09:56:15.579924,3.71,0.094,0.1225,85.1,10.7,0.0
2025-07-03T09:56:15.878445,3.71,0.1086,0.1363,85.1,12.6,0.0
2025-07-03T09:56:16.152635,3.71,0.0924,0.1009,85.0,25.7,0.0
2025-07-03T09:56:16.437078,3.71,0.1045,0.1166,85.4,25.5,36.0
2025-07-03T09:56:16.687861,3.71,0.0913,0.0993,85.5,17.5,36.0
2025-07-03T09:56:16.983805,3.71,0.1042,0.1281,85.6,7.6,36.0
2025-07-03T09:56:17.248349,3.71,0.0963,0.1044,85.6,8.8,31.0
2025-07-03T09:56:17.528440,3.71,0.1154,0.1251,85.6,9.6,31.0
2025-07-03T09:56:17.794099,3.71,0.0886,0.0988,85.6,22.3,31.0
2025-07-03T09:56:18.076114,3.71,0.0936,0.1204,85.6,10.0,31.0
2025-07-03T09:56:18.356818,3.71,0.0949,0.1217,85.6,8.5,35.0
2025-07-03T09:56:18.636016,3.71,0.0992,0.109,85.5,13.2,35.0
2025-07-03T09:56:18.900488,3.71,0.0969,0.1064,85.6,16.9,35.0
2025-07-03T09:56:19.183505,3.71,0.1077,0.1178,85.6,16.5,35.0
2025-07-03T09:56:19.476482,3.71,0.097,0.1236,85.5,9.9,45.0
2025-07-03T09:56:19.771588,3.71,0.0918,0.1206,85.5,10.6,45.0
2025-07-03T09:56:20.053846,3.71,0.0982,0.1267,85.5,31.2,45.0
2025-07-03T09:56:20.354157,3.71,0.0982,0.1263,85.7,19.7,10.0
2025-07-03T09:56:20.610723,3.71,0.0908,0.1009,85.8,15.5,10.0
2025-07-03T09:56:20.890231,3.71,0.0927,0.102,85.8,24.8,10.0
2025-07-03T09:56:21.162688,3.71,0.0916,0.1017,85.8,9.7,10.0
2025-07-03T09:56:21.419124,3.71,0.0919,0.1,85.7,31.9,0.0
2025-07-03T09:56:21.683896,3.71,0.0902,0.1002,85.8,15.1,0.0
2025-07-03T09:56:21.949541,3.71,0.0976,0.1081,85.9,30.2,0.0
2025-07-03T09:56:22.227517,3.71,0.0963,0.1078,85.7,8.8,0.0
